Workbook

Sheet PREÇO NACIONAL
B1: PREÇO PARA PUBLICAÇÃO - MAR.26
B2: a cada 10.000 Km ou 1 ano
B3: Ano / Modelo | C3: 1ª revisão | D3: 2ª revisão | E3: 3ª revisão | F3: 4ª revisão | G3: 5ª revisão | H3: 6ª revisão | I3: 7ª revisão | J3: 8ª revisão | K3: 9ª revisão | L3: 10ª revisão
B4: ='NOVO UNO 1.0 FIRE'!A1 -> UNO 1.0 FIRE | C4: ='NOVO UNO 1.0 FIRE'!O2 -> 608 | D4: ='NOVO UNO 1.0 FIRE'!P2 -> 813 | E4: ='NOVO UNO 1.0 FIRE'!Q2 -> 1098 | F4: ='NOVO UNO 1.0 FIRE'!R2 -> 915 | G4: ='NOVO UNO 1.0 FIRE'!S2 -> 676 | H4: ='NOVO UNO 1.0 FIRE'!T2 -> 2305 | I4: ='NOVO UNO 1.0 FIRE'!U2 -> 608 | J4: ='NOVO UNO 1.0 FIRE'!V2 -> 915 | ... L4: ='NOVO UNO 1.0 FIRE'!X2 -> 847 | M4: =SUM(C4:L4) -> 9883 | N4: =SUM(C4:H4) -> 6415
B5: ='NOVO UNO 1.0 FIREFLY'!A1 -> UNO 1.0 FIREFLY | C5: ='NOVO UNO 1.0 FIREFLY'!O2 -> 577 | D5: ='NOVO UNO 1.0 FIREFLY'!P2 -> 788 | E5: ='NOVO UNO 1.0 FIREFLY'!Q2 -> 611 | F5: ='NOVO UNO 1.0 FIREFLY'!R2 -> 1419 | G5: ='NOVO UNO 1.0 FIREFLY'!S2 -> 628 | H5: ='NOVO UNO 1.0 FIREFLY'!T2 -> 1171 | I5: ='NOVO UNO 1.0 FIREFLY'!U2 -> 577 | J5: ='NOVO UNO 1.0 FIREFLY'!V2 -> 1419 | ... L5: ='NOVO UNO 1.0 FIREFLY'!X2 -> 840 | M5: =SUM(C5:L5) -> 8641 | N5: =SUM(C5:H5) -> 5194
B6: ='NOVO UNO 1.3 FIREFLY'!A1 -> UNO 1.3 FIREFLY | C6: ='NOVO UNO 1.3 FIREFLY'!O2 -> 644 | D6: ='NOVO UNO 1.3 FIREFLY'!P2 -> 855 | E6: ='NOVO UNO 1.3 FIREFLY'!Q2 -> 678 | F6: ='NOVO UNO 1.3 FIREFLY'!R2 -> 1661 | G6: ='NOVO UNO 1.3 FIREFLY'!S2 -> 695 | H6: ='NOVO UNO 1.3 FIREFLY'!T2 -> 1238 | I6: ='NOVO UNO 1.3 FIREFLY'!U2 -> 644 | J6: ='NOVO UNO 1.3 FIREFLY'!V2 -> 1661 | ... L6: ='NOVO UNO 1.3 FIREFLY'!X2 -> 906 | M6: =SUM(C6:L6) -> 9660 | N6: =SUM(C6:H6) -> 5771
B7: ='PALIO WEEKEND 1.4'!A1 -> PALIO WEEKEND 1.4 | C7: ='PALIO WEEKEND 1.4'!O2 -> 600 | D7: ='PALIO WEEKEND 1.4'!P2 -> 751 | E7: ='PALIO WEEKEND 1.4'!Q2 -> 1090 | F7: ='PALIO WEEKEND 1.4'!R2 -> 870 | G7: ='PALIO WEEKEND 1.4'!S2 -> 635 | H7: ='PALIO WEEKEND 1.4'!T2 -> 2244 | I7: ='PALIO WEEKEND 1.4'!U2 -> 600 | J7: ='PALIO WEEKEND 1.4'!V2 -> 870 | ... L7: ='PALIO WEEKEND 1.4'!X2 -> 819 | M7: =SUM(C7:L7) -> 9569 | N7: =SUM(C7:H7) -> 6190
B8: ='PALIO WEEKEND 1.8'!A1 -> PALIO WEEKEND 1.8 | C8: ='PALIO WEEKEND 1.8'!O2 -> 794 | D8: ='PALIO WEEKEND 1.8'!P2 -> 989 | E8: ='PALIO WEEKEND 1.8'!Q2 -> 1080 | F8: ='PALIO WEEKEND 1.8'!R2 -> 1075 | G8: ='PALIO WEEKEND 1.8'!S2 -> 812 | H8: ='PALIO WEEKEND 1.8'!T2 -> 1847 | I8: ='PALIO WEEKEND 1.8'!U2 -> 794 | J8: ='PALIO WEEKEND 1.8'!V2 -> 1075 | ... L8: ='PALIO WEEKEND 1.8'!X2 -> 1041 | M8: =SUM(C8:L8) -> 10587 | N8: =SUM(C8:H8) -> 6597
B9: =FIORINO!A15 -> FIORINO 1.4 (21/22) | C9: =FIORINO!T16 -> 532 | D9: =FIORINO!U16 -> 719 | E9: =FIORINO!V16 -> 1127 | F9: =FIORINO!W16 -> 925 | G9: =FIORINO!X16 -> 583 | H9: =FIORINO!Y16 -> 2266 | I9: =FIORINO!Z16 -> 532 | J9: =FIORINO!AA16 -> 771 | ... L9: =FIORINO!AC16 -> 925 | M9: =SUM(C9:L9) -> 9507 | N9: =SUM(C9:H9) -> 6152
B10: =FIORINO!A1 -> FIORINO 1.4 (21/21) | C10: =FIORINO!T2 -> 600 | D10: =FIORINO!U2 -> 805 | E10: =FIORINO!V2 -> 1161 | F10: =FIORINO!W2 -> 908 | G10: =FIORINO!X2 -> 669 | H10: =FIORINO!Y2 -> 2369 | I10: =FIORINO!Z2 -> 600 | J10: =FIORINO!AA2 -> 908 | ... L10: =FIORINO!AC2 -> 925 | M10: =SUM(C10:L10) -> 10106 | N10: =SUM(C10:H10) -> 6512
B11: =FIORINO!A30 -> FIORINO 1.3 | C11: =FIORINO!T31 -> 630 | D11: =FIORINO!U31 -> 824 | E11: =FIORINO!V31 -> 647 | F11: =FIORINO!W31 -> 1647 | G11: =FIORINO!X31 -> 681 | H11: =FIORINO!Y31 -> 998 | I11: =FIORINO!Z31 -> 630 | J11: =FIORINO!AA31 -> 1647 | ... L11: =FIORINO!AC31 -> 875 | M11: =SUM(C11:L11) -> 9226 | N11: =SUM(C11:H11) -> 5427
B12: ='NOVA STRADA 1.3'!A1 -> NOVA STRADA 1.3 AT | C12: ='NOVA STRADA 1.3'!T2 -> 627 | D12: ='NOVA STRADA 1.3'!U2 -> 821 | E12: ='NOVA STRADA 1.3'!V2 -> 644 | F12: ='NOVA STRADA 1.3'!W2 -> 1644 | G12: ='NOVA STRADA 1.3'!X2 -> 678 | H12: ='NOVA STRADA 1.3'!Y2 -> 998 | I12: ='NOVA STRADA 1.3'!Z2 -> 627 | J12: ='NOVA STRADA 1.3'!AA2 -> 1644 | ... L12: ='NOVA STRADA 1.3'!AC2 -> 872 | M12: =SUM(C12:L12) -> 9199 | N12: =SUM(C12:H12) -> 5412
B13: ='NOVA STRADA 1.4'!A1 -> NOVA STRADA 1.4 | C13: ='NOVA STRADA 1.4'!T2 -> 532 | D13: ='NOVA STRADA 1.4'!U2 -> 719 | E13: ='NOVA STRADA 1.4'!V2 -> 1127 | F13: ='NOVA STRADA 1.4'!W2 -> 925 | G13: ='NOVA STRADA 1.4'!X2 -> 583 | H13: ='NOVA STRADA 1.4'!Y2 -> 2361 | I13: ='NOVA STRADA 1.4'!Z2 -> 532 | J13: ='NOVA STRADA 1.4'!AA2 -> 771 | ... L13: ='NOVA STRADA 1.4'!AC2 -> 925 | M13: =SUM(C13:L13) -> 9602 | N13: =SUM(C13:H13) -> 6247
B14: ='NOVA STRADA 1.0T'!A1 -> NOVA STRADA 1.0T | C14: ='NOVA STRADA 1.0T'!T2 -> 746 | D14: ='NOVA STRADA 1.0T'!U2 -> 764 | E14: ='NOVA STRADA 1.0T'!V2 -> 927 | F14: ='NOVA STRADA 1.0T'!W2 -> 764 | G14: ='NOVA STRADA 1.0T'!X2 -> 781 | H14: ='NOVA STRADA 1.0T'!Y2 -> 1460 | I14: ='NOVA STRADA 1.0T'!Z2 -> 746 | J14: ='NOVA STRADA 1.0T'!AA2 -> 764 | ... L14: ='NOVA STRADA 1.0T'!AC2 -> 798 | M14: =SUM(C14:L14) -> 8677 | N14: =SUM(C14:H14) -> 5442
B15: ='ARGO 1.0'!A1 -> ARGO 1.0 | C15: ='ARGO 1.0'!T2 -> 577 | D15: ='ARGO 1.0'!U2 -> 823 | E15: ='ARGO 1.0'!V2 -> 594 | F15: ='ARGO 1.0'!W2 -> 1675 | G15: ='ARGO 1.0'!X2 -> 628 | H15: ='ARGO 1.0'!Y2 -> 1051 | I15: ='ARGO 1.0'!Z2 -> 577 | J15: ='ARGO 1.0'!AA2 -> 1675 | ... L15: ='ARGO 1.0'!AC2 -> 874 | M15: =SUM(C15:L15) -> 9068 | N15: =SUM(C15:H15) -> 5348
B16: ='ARGO 1.3'!A1 -> ARGO 1.3 | C16: ='ARGO 1.3'!T2 -> 644 | D16: ='ARGO 1.3'!U2 -> 889 | E16: ='ARGO 1.3'!V2 -> 661 | F16: ='ARGO 1.3'!W2 -> 1918 | G16: ='ARGO 1.3'!X2 -> 695 | H16: ='ARGO 1.3'!Y2 -> 1118 | I16: ='ARGO 1.3'!Z2 -> 644 | J16: ='ARGO 1.3'!AA2 -> 1918 | ... L16: ='ARGO 1.3'!AC2 -> 940 | M16: =SUM(C16:L16) -> 10088 | N16: =SUM(C16:H16) -> 5925
B17: ='ARGO 1.8'!A1 -> ARGO 1.8 | C17: ='ARGO 1.8'!O2 -> 688 | D17: ='ARGO 1.8'!P2 -> 928 | E17: ='ARGO 1.8'!Q2 -> 705 | F17: ='ARGO 1.8'!R2 -> 1082 | G17: ='ARGO 1.8'!S2 -> 739 | H17: ='ARGO 1.8'!T2 -> 2016 | I17: ='ARGO 1.8'!U2 -> 705 | J17: ='ARGO 1.8'!V2 -> 1082 | ... L17: ='ARGO 1.8'!X2 -> 980 | M17: =SUM(C17:L17) -> 9630 | N17: =SUM(C17:H17) -> 6158
B18: ='GRAND SIENA 1.0'!A1 -> GRAND SIENA 1.0 | C18: ='GRAND SIENA 1.0'!O2 -> 600 | D18: ='GRAND SIENA 1.0'!P2 -> 788 | E18: ='GRAND SIENA 1.0'!Q2 -> 1193 | F18: ='GRAND SIENA 1.0'!R2 -> 908 | G18: ='GRAND SIENA 1.0'!S2 -> 652 | H18: ='GRAND SIENA 1.0'!T2 -> 2380 | I18: ='GRAND SIENA 1.0'!U2 -> 600 | J18: ='GRAND SIENA 1.0'!V2 -> 908 | ... L18: ='GRAND SIENA 1.0'!X2 -> 856 | M18: =SUM(C18:L18) -> 10078 | N18: =SUM(C18:H18) -> 6521
B19: ='GRAND SIENA 1.4'!A1 -> GRAND SIENA 1.4 | C19: ='GRAND SIENA 1.4'!O2 -> 600 | D19: ='GRAND SIENA 1.4'!P2 -> 788 | E19: ='GRAND SIENA 1.4'!Q2 -> 1161 | F19: ='GRAND SIENA 1.4'!R2 -> 908 | G19: ='GRAND SIENA 1.4'!S2 -> 652 | H19: ='GRAND SIENA 1.4'!T2 -> 2377 | I19: ='GRAND SIENA 1.4'!U2 -> 600 | J19: ='GRAND SIENA 1.4'!V2 -> 908 | ... L19: ='GRAND SIENA 1.4'!X2 -> 856 | M19: =SUM(C19:L19) -> 10011 | N19: =SUM(C19:H19) -> 6486
B20: ='MOBI FIRE'!A1 -> MOBI 1.0 FIRE | C20: ='MOBI FIRE'!T2 -> 583 | D20: ='MOBI FIRE'!U2 -> 788 | E20: ='MOBI FIRE'!V2 -> 1176 | F20: ='MOBI FIRE'!W2 -> 856 | G20: ='MOBI FIRE'!X2 -> 789 | H20: ='MOBI FIRE'!Y2 -> 2479 | I20: ='MOBI FIRE'!Z2 -> 583 | J20: ='MOBI FIRE'!AA2 -> 856 | ... L20: ='MOBI FIRE'!AC2 -> 839 | M20: =SUM(C20:L20) -> 10125 | N20: =SUM(C20:H20) -> 6671
B21: ='MOBI FIREFLY'!A1 -> MOBI FIREFLY | C21: ='MOBI FIREFLY'!T2 -> 667 | D21: ='MOBI FIREFLY'!U2 -> 788 | E21: ='MOBI FIREFLY'!V2 -> 701 | F21: ='MOBI FIREFLY'!W2 -> 1419 | G21: ='MOBI FIREFLY'!X2 -> 718 | H21: ='MOBI FIREFLY'!Y2 -> 1171 | I21: ='MOBI FIREFLY'!Z2 -> 667 | J21: ='MOBI FIREFLY'!AA2 -> 1419 | ... L21: ='MOBI FIREFLY'!AC2 -> 840 | M21: =SUM(C21:L21) -> 9091 | N21: =SUM(C21:H21) -> 5464
B22: =DOBLO!A1 -> DOBLO 1.8 | C22: =DOBLO!O2 -> 367 | D22: =DOBLO!P2 -> 989 | E22: =DOBLO!Q2 -> 1080 | F22: =DOBLO!R2 -> 1075 | G22: =DOBLO!S2 -> 829 | H22: =DOBLO!T2 -> 1847 | I22: =DOBLO!U2 -> 794 | J22: =DOBLO!V2 -> 1075 | ... L22: =DOBLO!X2 -> 1041 | M22: =SUM(C22:L22) -> 10177 | N22: =SUM(C22:H22) -> 6187
B23: ='CRONOS 1.0'!A1 -> CRONOS 1.0 até MY26 | C23: ='CRONOS 1.0'!T2 -> 577 | D23: ='CRONOS 1.0'!U2 -> 823 | E23: ='CRONOS 1.0'!V2 -> 594 | F23: ='CRONOS 1.0'!W2 -> 1675 | G23: ='CRONOS 1.0'!X2 -> 628 | H23: ='CRONOS 1.0'!Y2 -> 1051 | I23: ='CRONOS 1.0'!Z2 -> 577 | J23: ='CRONOS 1.0'!AA2 -> 1675 | ... L23: ='CRONOS 1.0'!AC2 -> 874 | M23: =SUM(C23:L23) -> 9068 | N23: =SUM(C23:H23) -> 5348
B24: ='CRONOS 1.3'!A1 -> CRONOS 1.3 até MY26 | C24: ='CRONOS 1.3'!T2 -> 644 | D24: ='CRONOS 1.3'!U2 -> 889 | E24: ='CRONOS 1.3'!V2 -> 661 | F24: ='CRONOS 1.3'!W2 -> 1918 | G24: ='CRONOS 1.3'!X2 -> 695 | H24: ='CRONOS 1.3'!Y2 -> 1118 | I24: ='CRONOS 1.3'!Z2 -> 644 | J24: ='CRONOS 1.3'!AA2 -> 1918 | ... L24: ='CRONOS 1.3'!AC2 -> 940 | M24: =SUM(C24:L24) -> 10088 | N24: =SUM(C24:H24) -> 5925
B25: ='CRONOS 1.8'!A1 -> CRONOS 1.8 | C25: ='CRONOS 1.8'!T2 -> 688 | D25: ='CRONOS 1.8'!U2 -> 928 | E25: ='CRONOS 1.8'!V2 -> 705 | F25: ='CRONOS 1.8'!W2 -> 1082 | G25: ='CRONOS 1.8'!X2 -> 739 | H25: ='CRONOS 1.8'!Y2 -> 2016 | I25: ='CRONOS 1.8'!Z2 -> 705 | J25: ='CRONOS 1.8'!AA2 -> 1082 | ... L25: ='CRONOS 1.8'!AC2 -> 980 | M25: =SUM(C25:L25) -> 9630 | N25: =SUM(C25:H25) -> 6158
B26: ='PULSE 1.0T'!A1 -> PULSE 1.0T AT | C26: ='PULSE 1.0T'!T2 -> 746 | D26: ='PULSE 1.0T'!U2 -> 764 | E26: ='PULSE 1.0T'!V2 -> 927 | F26: ='PULSE 1.0T'!W2 -> 764 | G26: ='PULSE 1.0T'!X2 -> 781 | H26: ='PULSE 1.0T'!Y2 -> 1460 | I26: ='PULSE 1.0T'!Z2 -> 746 | J26: ='PULSE 1.0T'!AA2 -> 764 | ... L26: ='PULSE 1.0T'!AC2 -> 798 | M26: =SUM(C26:L26) -> 8677 | N26: =SUM(C26:H26) -> 5442
B27: ='PULSE 1.3'!A1 -> PULSE 1.3 AT | C27: ='PULSE 1.3'!T2 -> 627 | D27: ='PULSE 1.3'!U2 -> 714 | E27: ='PULSE 1.3'!V2 -> 716 | F27: ='PULSE 1.3'!W2 -> 1520 | G27: ='PULSE 1.3'!X2 -> 678 | H27: ='PULSE 1.3'!Y2 -> 947 | I27: ='PULSE 1.3'!Z2 -> 627 | J27: ='PULSE 1.3'!AA2 -> 1520 | ... L27: ='PULSE 1.3'!AC2 -> 765 | M27: =SUM(C27:L27) -> 8830 | N27: =SUM(C27:H27) -> 5202
B28: ='PULSE ABARTH'!A1 -> PULSE ABARTH 1.3T | C28: ='PULSE ABARTH'!O2 -> 861 | D28: ='PULSE ABARTH'!P2 -> 992 | E28: ='PULSE ABARTH'!Q2 -> 861 | F28: ='PULSE ABARTH'!R2 -> 1009 | G28: ='PULSE ABARTH'!S2 -> 895 | H28: ='PULSE ABARTH'!T2 -> 1697 | I28: ='PULSE ABARTH'!U2 -> 861 | J28: ='PULSE ABARTH'!V2 -> 1009 | ... L28: ='PULSE ABARTH'!X2 -> 1026 | M28: =SUM(C28:L28) -> 10072 | N28: =SUM(C28:H28) -> 6315
B29: ='FASTBACK 1.0T'!A1 -> FASTBACK 1.0T | C29: ='FASTBACK 1.0T'!T2 -> 755 | D29: ='FASTBACK 1.0T'!U2 -> 772 | E29: ='FASTBACK 1.0T'!V2 -> 935 | F29: ='FASTBACK 1.0T'!W2 -> 772 | G29: ='FASTBACK 1.0T'!X2 -> 789 | H29: ='FASTBACK 1.0T'!Y2 -> 1469 | I29: ='FASTBACK 1.0T'!Z2 -> 755 | J29: ='FASTBACK 1.0T'!AA2 -> 772 | ... L29: ='FASTBACK 1.0T'!AC2 -> 807 | M29: =SUM(C29:L29) -> 8761 | N29: =SUM(C29:H29) -> 5492
B30: ='FASTBACK 1.3T'!A1 -> FASTBACK ABARTH 1.3T | C30: ='FASTBACK 1.3T'!T2 -> 861 | D30: ='FASTBACK 1.3T'!U2 -> 992 | E30: ='FASTBACK 1.3T'!V2 -> 861 | F30: ='FASTBACK 1.3T'!W2 -> 1009 | G30: ='FASTBACK 1.3T'!X2 -> 895 | H30: ='FASTBACK 1.3T'!Y2 -> 1697 | I30: ='FASTBACK 1.3T'!Z2 -> 861 | J30: ='FASTBACK 1.3T'!AA2 -> 1009 | ... L30: ='FASTBACK 1.3T'!AC2 -> 1026 | M30: =SUM(C30:L30) -> 10072 | N30: =SUM(C30:H30) -> 6315
B31: ='TORO 1.8'!A1 -> TORO 1.8 | C31: ='TORO 1.8'!O2 -> 433 | D31: ='TORO 1.8'!P2 -> 1031 | E31: ='TORO 1.8'!Q2 -> 878 | F31: ='TORO 1.8'!R2 -> 1048 | G31: ='TORO 1.8'!S2 -> 980 | H31: ='TORO 1.8'!T2 -> 2221 | I31: ='TORO 1.8'!U2 -> 878 | J31: ='TORO 1.8'!V2 -> 1048 | ... L31: ='TORO 1.8'!X2 -> 1167 | M31: =SUM(C31:L31) -> 10562 | N31: =SUM(C31:H31) -> 6591
B32: ='TORO 2.4'!A1 -> TORO 2.4 | C32: ='TORO 2.4'!O2 -> 634 | D32: ='TORO 2.4'!P2 -> 993 | E32: ='TORO 2.4'!Q2 -> 1044 | F32: ='TORO 2.4'!R2 -> 1078 | G32: ='TORO 2.4'!S2 -> 1027 | H32: ='TORO 2.4'!T2 -> 2409 | I32: ='TORO 2.4'!U2 -> 993 | J32: ='TORO 2.4'!V2 -> 1078 | ... L32: ='TORO 2.4'!X2 -> 1027 | M32: =SUM(C32:L32) -> 11327 | N32: =SUM(C32:H32) -> 7185
B33: ='TORO 1.3T'!A1 -> TORO 1.3T MY25 | C33: ='TORO 1.3T'!W2 -> 861 | D33: ='TORO 1.3T'!X2 -> 992 | E33: ='TORO 1.3T'!Y2 -> 861 | F33: ='TORO 1.3T'!Z2 -> 1009 | G33: ='TORO 1.3T'!AA2 -> 895 | H33: ='TORO 1.3T'!AB2 -> 1783 | I33: ='TORO 1.3T'!AC2 -> 861 | J33: ='TORO 1.3T'!AD2 -> 1009 | ... L33: ='TORO 1.3T'!AF2 -> 1026 | M33: =SUM(C33:L33) -> 10158 | N33: =SUM(C33:H33) -> 6401
B34: ='TORO 1.3T'!A13 -> TORO 1.3T MY26 | C34: ='TORO 1.3T'!W14 -> 1143 | D34: ='TORO 1.3T'!X14 -> 1274 | E34: ='TORO 1.3T'!Y14 -> 1143 | F34: ='TORO 1.3T'!Z14 -> 1154 | G34: ='TORO 1.3T'!AA14 -> 1177 | H34: ='TORO 1.3T'!AB14 -> 2065 | I34: ='TORO 1.3T'!AC14 -> 1143 | J34: ='TORO 1.3T'!AD14 -> 1154 | ... L34: ='TORO 1.3T'!AF14 -> 1308 | M34: =SUM(C34:L34) -> 12704 | N34: =SUM(C34:H34) -> 7956
B35: TITANO MANUAL | C35: =TITANO!T2 -> 2304 | D35: =TITANO!U2 -> 2294 | E35: =TITANO!V2 -> 1989 | F35: =TITANO!W2 -> 2328 | G35: =TITANO!X2 -> 2551 | H35: =TITANO!Y2 -> 2294 | I35: =TITANO!Z2 -> 1989 | J35: =TITANO!AA2 -> 4110 | ... L35: =TITANO!AC2 -> 2541 | M35: =SUM(C35:L35) -> 24704 | N35: =SUM(C35:H35) -> 13760
B36: TITANO AUTOMÁTICO | C36: =TITANO!T18 -> 2304 | D36: =TITANO!U18 -> 2294 | E36: =TITANO!V18 -> 1989 | F36: =TITANO!W18 -> 2328 | G36: =TITANO!X18 -> 2551 | H36: =TITANO!Y18 -> 2294 | I36: =TITANO!Z18 -> 1989 | J36: =TITANO!AA18 -> 4998 | ... L36: =TITANO!AC18 -> 2541 | M36: =SUM(C36:L36) -> 25592 | N36: =SUM(C36:H36) -> 13760
B37: =TITANO!A33 -> TITANO 2.2D MT | C37: =TITANO!T34 -> 1764 | D37: =TITANO!U34 -> 1664 | E37: =TITANO!V34 -> 1434 | F37: =TITANO!W34 -> 1783 | G37: =TITANO!X34 -> 1451 | H37: =TITANO!Y34 -> 2385 | I37: =TITANO!Z34 -> 1434 | J37: =TITANO!AA34 -> 1783 | ... L37: =TITANO!AC34 -> 1664 | M37: =SUM(C37:L37) -> 16796 | N37: =SUM(C37:H37) -> 10481
B38: =TITANO!A48 -> TITANO 2.2D AT | C38: =TITANO!T49 -> 1764 | D38: =TITANO!U49 -> 1664 | E38: =TITANO!V49 -> 1434 | F38: =TITANO!W49 -> 1783 | G38: =TITANO!X49 -> 1451 | H38: =TITANO!Y49 -> 1971 | I38: =TITANO!Z49 -> 1434 | J38: =TITANO!AA49 -> 1783 | ... L38: =TITANO!AC49 -> 1664 | M38: =SUM(C38:L38) -> 16382 | N38: =SUM(C38:H38) -> 10067
B39: =B1 -> PREÇO PARA PUBLICAÇÃO - MAR.26 | N39: =SUM(C39:H39) -> 0
B40: a cada 20.000 Km ou 1 ano | N40: =SUM(C40:H40) -> 0
B41: Modelo e Motorização | C41: 1a revisão | D41: 2a revisão | E41: 3a revisão | F41: 4a revisão | G41: 5a revisão | H41: 6a revisão | I41: 7a revisão | J41: 8a revisão | K41: 9a revisão | L41: 10a revisão | N41: =SUM(C41:H41) -> 0
B42: ='TORO DIESEL'!A1 -> TORO 2.0 | C42: ='TORO DIESEL'!T2 -> 1451 | D42: ='TORO DIESEL'!U2 -> 1673 | E42: ='TORO DIESEL'!V2 -> 1970 | F42: ='TORO DIESEL'!W2 -> 2832 | G42: ='TORO DIESEL'!X2 -> 1502 | H42: ='TORO DIESEL'!Y2 -> 1918 | I42: ='TORO DIESEL'!Z2 -> 1690 | J42: ='TORO DIESEL'!AA2 -> 2884 | ... L42: ='TORO DIESEL'!AC2 -> 1656 | M42: =SUM(C42:L42) -> 19306 | N42: =SUM(C42:H42) -> 11346
B43: ='TORO DIESEL'!A13 -> TORO 2.2TD MY26 | C43: ='TORO DIESEL'!T14 -> 1682 | D43: ='TORO DIESEL'!U14 -> 1901 | E43: ='TORO DIESEL'!V14 -> 1836 | F43: ='TORO DIESEL'!W14 -> 1884 | G43: ='TORO DIESEL'!X14 -> 1699 | H43: ='TORO DIESEL'!Y14 -> 1970 | I43: ='TORO DIESEL'!Z14 -> 1836 | J43: ='TORO DIESEL'!AA14 -> 1901 | ... L43: ='TORO DIESEL'!AC14 -> 1884 | M43: =SUM(C43:L43) -> 18275 | N43: =SUM(C43:H43) -> 10972
B44: =SCUDO!A1 -> SCUDO | C44: =SCUDO!T2 -> 2031 | D44: =SCUDO!U2 -> 2066 | E44: =SCUDO!V2 -> 3092 | F44: =SCUDO!W2 -> 2237 | G44: =SCUDO!X2 -> 2031 | H44: =SCUDO!Y2 -> 5953 | I44: =SCUDO!Z2 -> 2031 | J44: =SCUDO!AA2 -> 2066 | ... L44: =SCUDO!AC2 -> 1895 | M44: =SUM(C44:L44) -> 26494 | N44: =SUM(C44:H44) -> 17410
B45: =SCUDO!A32 -> e-SCUDO | C45: =SCUDO!T33 -> 706 | D45: =SCUDO!U33 -> 706 | E45: =SCUDO!V33 -> 706 | F45: =SCUDO!W33 -> 1497 | G45: =SCUDO!X33 -> 706 | H45: =SCUDO!Y33 -> 706 | I45: =SCUDO!Z33 -> 706 | J45: =SCUDO!AA33 -> 1497 | ... L45: =SCUDO!AC33 -> 706 | M45: =SUM(C45:L45) -> 8642 | N45: =SUM(C45:H45) -> 5027
B46: =SCUDO!A19 -> SCUDO 2.2D | C46: =SCUDO!T20 -> 1758 | D46: =SCUDO!U20 -> 2472 | E46: =SCUDO!V20 -> 2116 | F46: =SCUDO!W20 -> 2472 | G46: =SCUDO!X20 -> 1758 | H46: =SCUDO!Y20 -> 4491 | I46: =SCUDO!Z20 -> 1758 | J46: =SCUDO!AA20 -> 2472 | ... L46: =SCUDO!AC20 -> 2472
B47: =DUCATO!A1 -> DUCATO X250 | C47: =DUCATO!T2 -> 2386 | D47: =DUCATO!U2 -> 2386 | E47: =DUCATO!V2 -> 2386 | F47: =DUCATO!W2 -> 3617 | G47: =DUCATO!X2 -> 2420 | H47: =DUCATO!Y2 -> 3615 | I47: =DUCATO!Z2 -> 2386 | J47: =DUCATO!AA2 -> 5410 | ... L47: =DUCATO!AC2 -> 2420 | M47: =SUM(C47:L47) -> 29412 | N47: =SUM(C47:H47) -> 16810
B48: =DUCATO!A35 -> DUCATO X250 2.2D | C48: =DUCATO!T36 -> 1559 | D48: =DUCATO!U36 -> 2926 | E48: =DUCATO!V36 -> 1985 | F48: =DUCATO!W36 -> 2926 | G48: =DUCATO!X36 -> 1559 | H48: =DUCATO!Y36 -> 5321 | I48: =DUCATO!Z36 -> 1559 | J48: =DUCATO!AA36 -> 2926 | ... L48: =DUCATO!AC36 -> 2926 | M48: =SUM(C48:L48) -> 25672 | N48: =SUM(C48:H48) -> 16276
B49: =B39 -> PREÇO PARA PUBLICAÇÃO - MAR.26 | N49: =SUM(C49:H49) -> 0
B50: a cada 15.000 Km ou 1 ano | N50: =SUM(C50:H50) -> 0
B51: Modelo e Motorização | C51: 1a revisão | D51: 2a revisão | E51: 3a revisão | F51: 4a revisão | G51: 5a revisão | H51: 6a revisão | I51: 7a revisão | J51: 8a revisão | K51: 9a revisão | L51: 10a revisão | N51: =SUM(C51:H51) -> 0
C52: =C53/4 -> 68.5 | D52: =D53/4 -> 159.25 | E52: =E53/4 -> 68.5 | F52: =F53/4 -> 159.25 | G52: =G53/4 -> 68.5 | H52: =H53/4 -> 159.25 | I52: =I53/4 -> 68.5 | J52: =J53/4 -> 159.25 | ... L52: =L53/4 -> 159.25 | N52: =SUM(C52:H52) -> 683.25
B53: =500e!a1 -> 500e | C53: =500e!o2 -> 274 | D53: =500e!p2 -> 637 | E53: =500e!q2 -> 274 | F53: =500e!r2 -> 637 | G53: =500e!s2 -> 274 | H53: =500e!t2 -> 637 | I53: =500e!u2 -> 274 | J53: =500e!v2 -> 637 | K53: =500e!w2 -> 274 | L53: =500e!x2 -> 637 | M53: =SUM(C53:L53) -> 4555 | N53: =SUM(C53:H53) -> 2733
B54: =DUCATO!A20 -> DUCATO | C54: =DUCATO!T21 -> 1334 | D54: =DUCATO!U21 -> 1590 | E54: =DUCATO!V21 -> 2189 | F54: =DUCATO!W21 -> 1966 | G54: =DUCATO!X21 -> 3414 | H54: =DUCATO!Y21 -> 2189 | I54: =DUCATO!Z21 -> 2103 | J54: =DUCATO!AA21 -> 3278 | ... L54: =DUCATO!AC21 -> 2531 | M54: =SUM(C54:L54) -> 22697 | N54: =SUM(C54:H54) -> 12682

Sheet CRONOS 1.0
A1: CRONOS 1.0 até MY26 | E1: PLANO DE MANUTENÇÃO | T1: CUSTOS DE MANUTENÇÃO [R$] | AI1: Total
T2: =MROUND(SUM(T4:T12),1) -> 577 | U2: =MROUND(SUM(U4:U12),1) -> 823 | V2: =MROUND(SUM(V4:V12),1) -> 594 | W2: =MROUND(SUM(W4:W12),1) -> 1675 | X2: =MROUND(SUM(X4:X12),1) -> 628 | Y2: =MROUND(SUM(Y4:Y12),1) -> 1051 | Z2: =MROUND(SUM(Z4:Z12),1) -> 577 | AA2: =MROUND(SUM(AA4:AA12),1) -> 1675 | ... AH2: =MROUND(SUM(AH4:AH12),1) -> 645 | AI2: =SUM(T2:AH2) -> 13794
A3: Nº | B3: ITENS DE SUBSTITUIÇÃO OBRIGATÓRIA | C3: PN | D3: P. PUB. | E3: 1a | F3: 2a | G3: 3a | H3: 4a | I3: 5a | J3: 6a | K3: 7a | L3: 8a | M3: 9a | N3: 10a | O3: 11 | P3: 12 | Q3: 13 | R3: 14 | S3: 15 | T3: 10000 | U3: 20000 | V3: 30000 | W3: 40000 | X3: 50000 | Y3: 60000 | Z3: 70000 | AA3: 80000 | AB3: 90000 | AC3: 100000 | AD3: =AC3+10000 -> 110000 | AE3: =AD3+10000 -> 120000 | AF3: =AE3+10000 -> 130000 | AG3: =AF3+10000 -> 140000 | AH3: =AG3+10000 -> 150000 | AI3: % 100 | AJ3: TTL 100
A4: 1 | B4: Filtro de Óleo do Motor | C4: 7094709 | D4: =VLOOKUP(C4,'[1]PREÇO ATUAL'!$A$1:$D$1048576,4,0) -> 79.9 | E4: 1 | F4: 1 | G4: 1 | H4: 1 | I4: 1 | J4: 1 | K4: 1 | L4: 1 | M4: 1 | N4: 1 | O4: 1 | P4: 1 | Q4: 1 | R4: 1 | S4: 1 | T4: =$D4*E4 -> 79.9 | U4: =$D4*F4 -> 79.9 | V4: =$D4*G4 -> 79.9 | W4: =$D4*H4 -> 79.9 | X4: =$D4*I4 -> 79.9 | Y4: =$D4*J4 -> 79.9 | Z4: =$D4*K4 -> 79.9 | AA4: =$D4*L4 -> 79.9 | ... AH4: =$D4*S4 -> 79.9 | AI4: =AJ4/$AI$2 -> 0.086885602 | AJ4: =SUM(T4:AH4) -> 1198.5
A5: 2 | B5: Filtro de Combustível | C5: 52162685 | D5: =VLOOKUP(C5,'[1]PREÇO ATUAL'!$A$1:$D$1048576,4,0) -> 35.9 | F5: 1 | H5: 1 | J5: 1 | L5: 1 | N5: 1 | P5: 1 | R5: 1 | T5: =$D5*E5 -> 0 | U5: =$D5*F5 -> 35.9 | V5: =$D5*G5 -> 0 | W5: =$D5*H5 -> 35.9 | X5: =$D5*I5 -> 0 | Y5: =$D5*J5 -> 35.9 | Z5: =$D5*K5 -> 0 | AA5: =$D5*L5 -> 35.9 | ... AH5: =$D5*S5 -> 0 | AI5: =AJ5/$AI$2 -> 0.018218066 | AJ5: =SUM(T5:AH5) -> 251.3
A6: 3 | B6: Filtro de Ar | C6: 52046268 | D6: =VLOOKUP(C6,'[1]PREÇO ATUAL'!$A$1:$D$1048576,4,0) -> 89.9 | F6: 1 | H6: 1 | J6: 1 | L6: 1 | N6: 1 | P6: 1 | R6: 1 | T6: =$D6*E6 -> 0 | U6: =$D6*F6 -> 89.9 | V6: =$D6*G6 -> 0 | W6: =$D6*H6 -> 89.9 | X6: =$D6*I6 -> 0 | Y6: =$D6*J6 -> 89.9 | Z6: =$D6*K6 -> 0 | AA6: =$D6*L6 -> 89.9 | ... AH6: =$D6*S6 -> 0 | AI6: =AJ6/$AI$2 -> 0.045621285 | AJ6: =SUM(T6:AH6) -> 629.3
A7: 4 | B7: Velas de Ignição | C7: 55267995 | D7: =VLOOKUP(C7,'[1]PREÇO ATUAL'!$A$1:$D$1048576,4,0) -> 175.9 | H7: 3 | L7: 3 | P7: 4 | T7: =$D7*E7 -> 0 | U7: =$D7*F7 -> 0 | V7: =$D7*G7 -> 0 | W7: =$D7*H7 -> 527.7 | X7: =$D7*I7 -> 0 | Y7: =$D7*J7 -> 0 | Z7: =$D7*K7 -> 0 | AA7: =$D7*L7 -> 527.7 | ... AH7: =$D7*S7 -> 0 | AI7: =AJ7/$AI$2 -> 0.12751921 | AJ7: =SUM(T7:AH7) -> 1759
A8: 5 | B8: Correia dos Órgãos Auxiliares | C8: 55267966 | D8: =VLOOKUP(C8,'[1]PREÇO ATUAL'!$A$1:$D$1048576,4,0) -> 143.23 | J8: 1 | P8: 1 | T8: =$D8*E8 -> 0 | U8: =$D8*F8 -> 0 | V8: =$D8*G8 -> 0 | W8: =$D8*H8 -> 0 | X8: =$D8*I8 -> 0 | Y8: =$D8*J8 -> 143.23 | Z8: =$D8*K8 -> 0 | AA8: =$D8*L8 -> 0 | ... AH8: =$D8*S8 -> 0 | AI8: =AJ8/$AI$2 -> 0.020767 | AJ8: =SUM(T8:AH8) -> 286.46
A9: 6 | B9: Óleo da caixa de cambio mecanica - SAE 75W – API GL4 | C9: 7095576 | D9: =VLOOKUP(C9,'[1]PREÇO ATUAL'!$A$1:$D$1048576,4,0) -> 165.97812 | P9: 2 | T9: =$D9*E9 -> 0 | U9: =$D9*F9 -> 0 | V9: =$D9*G9 -> 0 | W9: =$D9*H9 -> 0 | X9: =$D9*I9 -> 0 | Y9: =$D9*J9 -> 0 | Z9: =$D9*K9 -> 0 | AA9: =$D9*L9 -> 0 | ... AH9: =$D9*S9 -> 0 | AI9: =AJ9/$AI$2 -> 0.024065263 | AJ9: =SUM(T9:AH9) -> 331.95624
A10: 7 | B10: MOPAR BRAKE FLUID DOT 4 - A cada 2 anos | C10: K04549625LA_F | D10: =VLOOKUP(C10,'[1]PREÇO ATUAL'!$A$1:$D$1048576,4,0) -> 33.622493 | T10: =$D10*E10 -> 0 | U10: =$D10*F10 -> 0 | V10: =$D10*G10 -> 0 | W10: =$D10*H10 -> 0 | X10: =$D10*I10 -> 0 | Y10: =$D10*J10 -> 0 | Z10: =$D10*K10 -> 0 | AA10: =$D10*L10 -> 0 | ... AH10: =$D10*S10 -> 0 | AI10: =AJ10/$AI$2 -> 0 | AJ10: =SUM(T10:AH10) -> 0
A11: 8 | B11: MOPAR MAXPRO SYNTHETIC 0W20 (SP/GF-6A) | C11: K68218951LA_F | D11: =VLOOKUP(C11,'[1]PREÇO ATUAL'!$A$1:$D$1048576,4,0) -> 81.26 | E11: 2.54 | F11: 2.54 | G11: 2.54 | H11: 2.54 | I11: 2.54 | J11: 2.54 | K11: 2.54 | L11: 2.54 | M11: 2.54 | N11: 2.54 | O11: 2.54 | P11: 2.54 | Q11: 2.54 | R11: 2.54 | S11: 2.54 | T11: =$D11*E11 -> 206.4004 | U11: =$D11*F11 -> 206.4004 | V11: =$D11*G11 -> 206.4004 | W11: =$D11*H11 -> 206.4004 | X11: =$D11*I11 -> 206.4004 | Y11: =$D11*J11 -> 206.4004 | Z11: =$D11*K11 -> 206.4004 | AA11: =$D11*L11 -> 206.4004 | ... AH11: =$D11*S11 -> 206.4004 | AI11: =AJ11/$AI$2 -> 0.22444585 | AJ11: =SUM(T11:AH11) -> 3096.006
A12: 9 | B12: Tempo Padrão de Mão-De-Obra [horas] | C12: MO FIAT | D12: =VLOOKUP(C12,'[1]PREÇO ATUAL'!$A$1:$D$1048576,4,0) -> 342 | E12: 0.85 | F12: 1.2 | G12: 0.9 | H12: 2.15 | I12: 1 | J12: 1.45 | K12: 0.85 | L12: 2.15 | M12: 0.9 | N12: 1.35 | O12: 0.85 | P12: 1.5 | Q12: 0.85 | R12: 1.2 | S12: 1.05 | T12: =D12*E12 -> 290.7 | U12: =$D12*F12 -> 410.4 | V12: =$D12*G12 -> 307.8 | W12: =$D12*H12 -> 735.3 | X12: =$D12*I12 -> 342 | Y12: =$D12*J12 -> 495.9 | Z12: =$D12*K12 -> 290.7 | AA12: =$D12*L12 -> 735.3 | AB12: =$D12*M12 -> 307.8 | ... AH12: =$D12*S12 -> 359.1 | AI12: =AJ12/$AI$2 -> 0.45247934 | AJ12: =SUM(T12:AH12) -> 6241.5
A14: CRONOS 1.0 MY27 | E14: PLANO DE MANUTENÇÃO | T14: CUSTOS DE MANUTENÇÃO [R$] | AI14: Total
T15: =MROUND(SUM(T17:T26),1) -> 844 | U15: =MROUND(SUM(U17:U26),1) -> 1090 | V15: =MROUND(SUM(V17:V26),1) -> 862 | W15: =MROUND(SUM(W17:W26),1) -> 1960 | X15: =MROUND(SUM(X17:X26),1) -> 896 | Y15: =MROUND(SUM(Y17:Y26),1) -> 1175 | Z15: =MROUND(SUM(Z17:Z26),1) -> 844 | AA15: =MROUND(SUM(AA17:AA26),1) -> 1960 | ... AH15: =MROUND(SUM(AH17:AH26),1) -> 913 | AI15: =SUM(T15:AH15) -> 17045
A16: Nº | B16: ITENS DE SUBSTITUIÇÃO OBRIGATÓRIA | C16: PN | D16: P. PUB. | E16: 1a | F16: 2a | G16: 3a | H16: 4a | I16: 5a | J16: 6a | K16: 7a | L16: 8a | M16: 9a | N16: 10a | O16: 11 | P16: 12 | Q16: 13 | R16: 14 | S16: 15 | T16: 10000 | U16: 20000 | V16: 30000 | W16: 40000 | X16: 50000 | Y16: 60000 | Z16: 70000 | AA16: 80000 | AB16: 90000 | AC16: 100000 | AD16: =AC16+10000 -> 110000 | AE16: =AD16+10000 -> 120000 | AF16: =AE16+10000 -> 130000 | AG16: =AF16+10000 -> 140000 | AH16: =AG16+10000 -> 150000 | AI16: % 100 | AJ16: TTL 100
A17: 1 | B17: Filtro de óleo do motor | C17: 7094709 | D17: =VLOOKUP(C17,'[1]PREÇO ATUAL'!$A$1:$D$1048576,4,0) -> 79.9 | E17: 1 | F17: 1 | G17: 1 | H17: 1 | I17: 1 | J17: 1 | K17: 1 | L17: 1 | M17: 1 | N17: 1 | O17: 1 | P17: 1 | Q17: 1 | R17: 1 | S17: 1 | T17: =$D17*E17 -> 79.9 | U17: =$D17*F17 -> 79.9 | V17: =$D17*G17 -> 79.9 | W17: =$D17*H17 -> 79.9 | X17: =$D17*I17 -> 79.9 | Y17: =$D17*J17 -> 79.9 | Z17: =$D17*K17 -> 79.9 | AA17: =$D17*L17 -> 79.9 | ... AH17: =$D17*S17 -> 79.9 | AI17: =AJ17/$AI$2 -> 0.086885602 | AJ17: =SUM(T17:AH17) -> 1198.5
A18: 2 | B18: Filtro de Combustível | C18: 52162685 | D18: =VLOOKUP(C18,'[1]PREÇO ATUAL'!$A$1:$D$1048576,4,0) -> 35.9 | F18: 1 | H18: 1 | J18: 1 | L18: 1 | N18: 1 | P18: 1 | R18: 1 | T18: =$D18*E18 -> 0 | U18: =$D18*F18 -> 35.9 | V18: =$D18*G18 -> 0 | W18: =$D18*H18 -> 35.9 | X18: =$D18*I18 -> 0 | Y18: =$D18*J18 -> 35.9 | Z18: =$D18*K18 -> 0 | AA18: =$D18*L18 -> 35.9 | ... AH18: =$D18*S18 -> 0 | AI18: =AJ18/$AI$2 -> 0.018218066 | AJ18: =SUM(T18:AH18) -> 251.3
A19: 3 | B19: Elemento do filtro de ar do motor | C19: 52046268 | D19: =VLOOKUP(C19,'[1]PREÇO ATUAL'!$A$1:$D$1048576,4,0) -> 89.9 | F19: 1 | H19: 1 | J19: 1 | L19: 1 | N19: 1 | P19: 1 | R19: 1 | T19: =$D19*E19 -> 0 | U19: =$D19*F19 -> 89.9 | V19: =$D19*G19 -> 0 | W19: =$D19*H19 -> 89.9 | X19: =$D19*I19 -> 0 | Y19: =$D19*J19 -> 89.9 | Z19: =$D19*K19 -> 0 | AA19: =$D19*L19 -> 89.9 | ... AH19: =$D19*S19 -> 0 | AI19: =AJ19/$AI$2 -> 0.045621285 | AJ19: =SUM(T19:AH19) -> 629.3
A20: 4 | B20: Filtro de ar limpo do canister | C20: 7096883 | D20: =VLOOKUP(C20,'[1]PREÇO ATUAL'!$A$1:$D$1048576,4,0) -> 199.05 | E20: 1 | F20: 1 | G20: 1 | H20: 1 | I20: 1 | J20: 1 | K20: 1 | L20: 1 | M20: 1 | N20: 1 | O20: 1 | P20: 1 | Q20: 1 | R20: 1 | S20: 1 | T20: =$D20*E20 -> 199.05 | U20: =$D20*F20 -> 199.05 | V20: =$D20*G20 -> 199.05 | W20: =$D20*H20 -> 199.05 | X20: =$D20*I20 -> 199.05 | Y20: =$D20*J20 -> 199.05 | Z20: =$D20*K20 -> 199.05 | AA20: =$D20*L20 -> 199.05 | ... AH20: =$D20*S20 -> 199.05 | AI20: =AJ20/$AI$2 -> 0.21645281 | AJ20: =SUM(T20:AH20) -> 2985.75
A21: 5 | B21: Velas de ignição do motor (a cada 40.000 km, independente do tempo) | C21: 55267995 | D21: =VLOOKUP(C21,'[1]PREÇO ATUAL'!$A$1:$D$1048576,4,0) -> 175.9 | H21: 3 | L21: 3 | P21: 3 | T21: =$D21*E21 -> 0 | U21: =$D21*F21 -> 0 | V21: =$D21*G21 -> 0 | W21: =$D21*H21 -> 527.7 | X21: =$D21*I21 -> 0 | Y21: =$D21*J21 -> 0 | Z21: =$D21*K21 -> 0 | AA21: =$D21*L21 -> 527.7 | ... AH21: =$D21*S21 -> 0 | AI21: =AJ21/$AI$2 -> 0.11476729 | AJ21: =SUM(T21:AH21) -> 1583.1
A22: 6 | B22: Correia dos órgão auxiliares (a cada 60.000 km ou 4 anos, o que ocorrer primeiro) | C22: 55267966 | D22: =VLOOKUP(C22,'[1]PREÇO ATUAL'!$A$1:$D$1048576,4,0) -> 143.23 | T22: =$D22*E22 -> 0 | U22: =$D22*F22 -> 0 | V22: =$D22*G22 -> 0 | W22: =$D22*H22 -> 0 | X22: =$D22*I22 -> 0 | Y22: =$D22*J22 -> 0 | Z22: =$D22*K22 -> 0 | AA22: =$D22*L22 -> 0 | ... AH22: =$D22*S22 -> 0 | AI22: =AJ22/$AI$2 -> 0 | AJ22: =SUM(T22:AH22) -> 0
A23: 7 | B23: Substituição do óleo da caixa de cambio mecanica | C23: 7095576 | D23: =VLOOKUP(C23,'[1]PREÇO ATUAL'!$A$1:$D$1048576,4,0) -> 165.97812 | T23: =$D23*E23 -> 0 | U23: =$D23*F23 -> 0 | V23: =$D23*G23 -> 0 | W23: =$D23*H23 -> 0 | X23: =$D23*I23 -> 0 | Y23: =$D23*J23 -> 0 | Z23: =$D23*K23 -> 0 | AA23: =$D23*L23 -> 0 | ... AH23: =$D23*S23 -> 0 | AI23: =AJ23/$AI$2 -> 0 | AJ23: =SUM(T23:AH23) -> 0
A24: 8 | B24: Fluído de freio (a cada 40.000 km ou 2 anos, ou que ocurrer primeiro) | C24: K04549625LA_F | D24: =VLOOKUP(C24,'[1]PREÇO ATUAL'!$A$1:$D$1048576,4,0) -> 33.622493 | T24: =$D24*E24 -> 0 | U24: =$D24*F24 -> 0 | V24: =$D24*G24 -> 0 | W24: =$D24*H24 -> 0 | X24: =$D24*I24 -> 0 | Y24: =$D24*J24 -> 0 | Z24: =$D24*K24 -> 0 | AA24: =$D24*L24 -> 0 | ... AH24: =$D24*S24 -> 0 | AI24: =AJ24/$AI$2 -> 0 | AJ24: =SUM(T24:AH24) -> 0
A25: 9 | B25: Óleo do motor - MOPAR MAXPRO SYNTHETIC 0W20 (SP/GF-6A) | C25: K68218951LA_F | D25: =VLOOKUP(C25,'[1]PREÇO ATUAL'!$A$1:$D$1048576,4,0) -> 81.26 | E25: 2.54 | F25: 2.54 | G25: 2.54 | H25: 2.54 | I25: 2.54 | J25: 2.54 | K25: 2.54 | L25: 2.54 | M25: 2.54 | N25: 2.54 | O25: 2.54 | P25: 2.54 | Q25: 2.54 | R25: 2.54 | S25: 2.54 | T25: =D25*E25 -> 206.4004 | U25: =$D25*F25 -> 206.4004 | V25: =$D25*G25 -> 206.4004 | W25: =$D25*H25 -> 206.4004 | X25: =$D25*I25 -> 206.4004 | Y25: =$D25*J25 -> 206.4004 | Z25: =$D25*K25 -> 206.4004 | AA25: =$D25*L25 -> 206.4004 | AB25: =$D25*M25 -> 206.4004 | ... AH25: =$D25*S25 -> 206.4004 | AI25: =AJ25/$AI$2 -> 0.22444585 | AJ25: =SUM(T25:AH25) -> 3096.006
A26: 10 | B26: Tempo Padrão de Mão-De-Obra [horas] | C26: MO FIAT | D26: =VLOOKUP(C26,'[1]PREÇO ATUAL'!$A$1:$D$1048576,4,0) -> 342 | E26: 1.05 | F26: 1.4 | G26: 1.1 | H26: 2.4 | I26: 1.2 | J26: 1.65 | K26: 1.05 | L26: 2.4 | M26: 1.1 | N26: 1.55 | O26: 1.05 | P26: 1.7 | Q26: 1.05 | R26: 1.4 | S26: 1.25 | T26: =$D26*E26 -> 359.1 | U26: =$D26*F26 -> 478.8 | V26: =$D26*G26 -> 376.2 | W26: =$D26*H26 -> 820.8 | X26: =$D26*I26 -> 410.4 | Y26: =$D26*J26 -> 564.3 | Z26: =$D26*K26 -> 359.1 | AA26: =$D26*L26 -> 820.8 | ... AH26: =$D26*S26 -> 427.5 | AI26: =AJ26/$AI$2 -> 0.52933884 | AJ26: =SUM(T26:AH26) -> 7301.7

Sheet CRONOS 1.3
A1: CRONOS 1.3 até MY26 | E1: PLANO DE MANUTENÇÃO | T1: CUSTOS DE MANUTENÇÃO [R$] | AI1: Total
T2: =MROUND(SUM(T4:T12),1) -> 644 | U2: =MROUND(SUM(U4:U12),1) -> 889 | V2: =MROUND(SUM(V4:V12),1) -> 661 | W2: =MROUND(SUM(W4:W12),1) -> 1918 | X2: =MROUND(SUM(X4:X12),1) -> 695 | Y2: =MROUND(SUM(Y4:Y12),1) -> 1118 | Z2: =MROUND(SUM(Z4:Z12),1) -> 644 | AA2: =MROUND(SUM(AA4:AA12),1) -> 1918 | ... AH2: =MROUND(SUM(AH4:AH12),1) -> 712 | AI2: =SUM(T2:AH2) -> 15148
A3: Nº | B3: ITENS DE SUBSTITUIÇÃO OBRIGATÓRIA | C3: PN | D3: P. PUB. | E3: 1a | F3: 2a | G3: 3a | H3: 4a | I3: 5a | J3: 6a | K3: 7a | L3: 8a | M3: 9a | N3: 10a | O3: 11 | P3: 12 | Q3: 13 | R3: 14 | S3: 15 | T3: 10000 | U3: 20000 | V3: 30000 | W3: 40000 | X3: 50000 | Y3: 60000 | Z3: 70000 | AA3: 80000 | AB3: 90000 | AC3: 100000 | AD3: =AC3+10000 -> 110000 | AE3: =AD3+10000 -> 120000 | AF3: =AE3+10000 -> 130000 | AG3: =AF3+10000 -> 140000 | AH3: =AG3+10000 -> 150000 | AI3: % 100 | AJ3: TTL 100
A4: 1 | B4: Filtro de Óleo do Motor | C4: 7094709 | D4: =VLOOKUP(C4,'[1]PREÇO ATUAL'!$A$1:$D$1048576,4,0) -> 79.9 | E4: 1 | F4: 1 | G4: 1 | H4: 1 | I4: 1 | J4: 1 | K4: 1 | L4: 1 | M4: 1 | N4: 1 | O4: 1 | P4: 1 | Q4: 1 | R4: 1 | S4: 1 | T4: =$D4*E4 -> 79.9 | U4: =$D4*F4 -> 79.9 | V4: =$D4*G4 -> 79.9 | W4: =$D4*H4 -> 79.9 | X4: =$D4*I4 -> 79.9 | Y4: =$D4*J4 -> 79.9 | Z4: =$D4*K4 -> 79.9 | AA4: =$D4*L4 -> 79.9 | ... AH4: =$D4*S4 -> 79.9 | AI4: =AJ4/$AI$2 -> 0.079119356 | AJ4: =SUM(T4:AH4) -> 1198.5
A5: 2 | B5: Filtro de Combustível | C5: 52162685 | D5: =VLOOKUP(C5,'[1]PREÇO ATUAL'!$A$1:$D$1048576,4,0) -> 35.9 | F5: 1 | H5: 1 | J5: 1 | L5: 1 | N5: 1 | P5: 1 | R5: 1 | T5: =$D5*E5 -> 0 | U5: =$D5*F5 -> 35.9 | V5: =$D5*G5 -> 0 | W5: =$D5*H5 -> 35.9 | X5: =$D5*I5 -> 0 | Y5: =$D5*J5 -> 35.9 | Z5: =$D5*K5 -> 0 | AA5: =$D5*L5 -> 35.9 | ... AH5: =$D5*S5 -> 0 | AI5: =AJ5/$AI$2 -> 0.016589649 | AJ5: =SUM(T5:AH5) -> 251.3
A6: 3 | B6: Filtro de Ar | C6: 52046268 | D6: =VLOOKUP(C6,'[1]PREÇO ATUAL'!$A$1:$D$1048576,4,0) -> 89.9 | F6: 1 | H6: 1 | J6: 1 | L6: 1 | N6: 1 | P6: 1 | R6: 1 | T6: =$D6*E6 -> 0 | U6: =$D6*F6 -> 89.9 | V6: =$D6*G6 -> 0 | W6: =$D6*H6 -> 89.9 | X6: =$D6*I6 -> 0 | Y6: =$D6*J6 -> 89.9 | Z6: =$D6*K6 -> 0 | AA6: =$D6*L6 -> 89.9 | ... AH6: =$D6*S6 -> 0 | AI6: =AJ6/$AI$2 -> 0.041543438 | AJ6: =SUM(T6:AH6) -> 629.3
A7: 4 | B7: Velas de Ignição | C7: 55267995 | D7: =VLOOKUP(C7,'[1]PREÇO ATUAL'!$A$1:$D$1048576,4,0) -> 175.9 | H7: 4 | L7: 4 | P7: 4 | T7: =$D7*E7 -> 0 | U7: =$D7*F7 -> 0 | V7: =$D7*G7 -> 0 | W7: =$D7*H7 -> 703.6 | X7: =$D7*I7 -> 0 | Y7: =$D7*J7 -> 0 | Z7: =$D7*K7 -> 0 | AA7: =$D7*L7 -> 703.6 | ... AH7: =$D7*S7 -> 0 | AI7: =AJ7/$AI$2 -> 0.13934513 | AJ7: =SUM(T7:AH7) -> 2110.8
A8: 5 | B8: Correia dos Órgãos Auxiliares | C8: 55267966 | D8: =VLOOKUP(C8,'[1]PREÇO ATUAL'!$A$1:$D$1048576,4,0) -> 143.23 | J8: 1 | P8: 1 | T8: =$D8*E8 -> 0 | U8: =$D8*F8 -> 0 | V8: =$D8*G8 -> 0 | W8: =$D8*H8 -> 0 | X8: =$D8*I8 -> 0 | Y8: =$D8*J8 -> 143.23 | Z8: =$D8*K8 -> 0 | AA8: =$D8*L8 -> 0 | ... AH8: =$D8*S8 -> 0 | AI8: =AJ8/$AI$2 -> 0.018910747 | AJ8: =SUM(T8:AH8) -> 286.46
A9: 6 | B9: Óleo da caixa de cambio mecanica - SAE 75W – API GL4 | C9: 7095576 | D9: =VLOOKUP(C9,'[1]PREÇO ATUAL'!$A$1:$D$1048576,4,0) -> 165.97812 | P9: 2 | T9: =$D9*E9 -> 0 | U9: =$D9*F9 -> 0 | V9: =$D9*G9 -> 0 | W9: =$D9*H9 -> 0 | X9: =$D9*I9 -> 0 | Y9: =$D9*J9 -> 0 | Z9: =$D9*K9 -> 0 | AA9: =$D9*L9 -> 0 | ... AH9: =$D9*S9 -> 0 | AI9: =AJ9/$AI$2 -> 0.021914196 | AJ9: =SUM(T9:AH9) -> 331.95624
A10: 7 | B10: MOPAR BRAKE FLUID DOT 4 - A cada 2 anos | C10: K04549625LA_F | D10: =VLOOKUP(C10,'[1]PREÇO ATUAL'!$A$1:$D$1048576,4,0) -> 33.622493 | T10: =$D10*E10 -> 0 | U10: =$D10*F10 -> 0 | V10: =$D10*G10 -> 0 | W10: =$D10*H10 -> 0 | X10: =$D10*I10 -> 0 | Y10: =$D10*J10 -> 0 | Z10: =$D10*K10 -> 0 | AA10: =$D10*L10 -> 0 | ... AH10: =$D10*S10 -> 0 | AI10: =AJ10/$AI$2 -> 0 | AJ10: =SUM(T10:AH10) -> 0
A11: 8 | B11: MOPAR MAXPRO SYNTHETIC 0W20 (SP/GF-6A) | C11: K68218951LA_F | D11: =VLOOKUP(C11,'[1]PREÇO ATUAL'!$A$1:$D$1048576,4,0) -> 81.26 | E11: 3.36 | F11: 3.36 | G11: 3.36 | H11: 3.36 | I11: 3.36 | J11: 3.36 | K11: 3.36 | L11: 3.36 | M11: 3.36 | N11: 3.36 | O11: 3.36 | P11: 3.36 | Q11: 3.36 | R11: 3.36 | S11: 3.36 | T11: =$D11*E11 -> 273.0336 | U11: =$D11*F11 -> 273.0336 | V11: =$D11*G11 -> 273.0336 | W11: =$D11*H11 -> 273.0336 | X11: =$D11*I11 -> 273.0336 | Y11: =$D11*J11 -> 273.0336 | Z11: =$D11*K11 -> 273.0336 | AA11: =$D11*L11 -> 273.0336 | ... AH11: =$D11*S11 -> 273.0336 | AI11: =AJ11/$AI$2 -> 0.27036599 | AJ11: =SUM(T11:AH11) -> 4095.504
A12: 9 | B12: Tempo Padrão de Mão-De-Obra [horas] | C12: MO FIAT | D12: =VLOOKUP(C12,'[1]PREÇO ATUAL'!$A$1:$D$1048576,4,0) -> 342 | E12: 0.85 | F12: 1.2 | G12: 0.9 | H12: 2.15 | I12: 1 | J12: 1.45 | K12: 0.85 | L12: 2.15 | M12: 0.9 | N12: 1.35 | O12: 0.85 | P12: 1.5 | Q12: 0.85 | R12: 1.2 | S12: 1.05 | T12: =D12*E12 -> 290.7 | U12: =$D12*F12 -> 410.4 | V12: =$D12*G12 -> 307.8 | W12: =$D12*H12 -> 735.3 | X12: =$D12*I12 -> 342 | Y12: =$D12*J12 -> 495.9 | Z12: =$D12*K12 -> 290.7 | AA12: =$D12*L12 -> 735.3 | AB12: =$D12*M12 -> 307.8 | ... AH12: =$D12*S12 -> 359.1 | AI12: =AJ12/$AI$2 -> 0.41203459 | AJ12: =SUM(T12:AH12) -> 6241.5
A14: CRONOS 1.3 MY27 MT | E14: PLANO DE MANUTENÇÃO | T14: CUSTOS DE MANUTENÇÃO [R$] | AI14: Total
T15: =MROUND(SUM(T17:T26),1) -> 914 | U15: =MROUND(SUM(U17:U26),1) -> 1160 | V15: =MROUND(SUM(V17:V26),1) -> 931 | W15: =MROUND(SUM(W17:W26),1) -> 2205 | X15: =MROUND(SUM(X17:X26),1) -> 966 | Y15: =MROUND(SUM(Y17:Y26),1) -> 1245 | Z15: =MROUND(SUM(Z17:Z26),1) -> 914 | AA15: =MROUND(SUM(AA17:AA26),1) -> 2205 | ... AH15: =MROUND(SUM(AH17:AH26),1) -> 983 | AI15: =SUM(T15:AH15) -> 18619
A16: Nº | B16: ITENS DE SUBSTITUIÇÃO OBRIGATÓRIA | C16: PN | D16: P. PUB. | E16: 1a | F16: 2a | G16: 3a | H16: 4a | I16: 5a | J16: 6a | K16: 7a | L16: 8a | M16: 9a | N16: 10a | O16: 11 | P16: 12 | Q16: 13 | R16: 14 | S16: 15 | T16: 10000 | U16: 20000 | V16: 30000 | W16: 40000 | X16: 50000 | Y16: 60000 | Z16: 70000 | AA16: 80000 | AB16: 90000 | AC16: 100000 | AD16: =AC16+10000 -> 110000 | AE16: =AD16+10000 -> 120000 | AF16: =AE16+10000 -> 130000 | AG16: =AF16+10000 -> 140000 | AH16: =AG16+10000 -> 150000 | AI16: % 100 | AJ16: TTL 100
A17: 1 | B17: Filtro de óleo do motor | C17: 7094709 | D17: =VLOOKUP(C17,'[1]PREÇO ATUAL'!$A$1:$D$1048576,4,0) -> 79.9 | E17: 1 | F17: 1 | G17: 1 | H17: 1 | I17: 1 | J17: 1 | K17: 1 | L17: 1 | M17: 1 | N17: 1 | O17: 1 | P17: 1 | Q17: 1 | R17: 1 | S17: 1 | T17: =$D17*E17 -> 79.9 | U17: =$D17*F17 -> 79.9 | V17: =$D17*G17 -> 79.9 | W17: =$D17*H17 -> 79.9 | X17: =$D17*I17 -> 79.9 | Y17: =$D17*J17 -> 79.9 | Z17: =$D17*K17 -> 79.9 | AA17: =$D17*L17 -> 79.9 | ... AH17: =$D17*S17 -> 79.9 | AI17: =AJ17/$AI$2 -> 0.079119356 | AJ17: =SUM(T17:AH17) -> 1198.5
A18: 2 | B18: Filtro de Combustível | C18: 52162685 | D18: =VLOOKUP(C18,'[1]PREÇO ATUAL'!$A$1:$D$1048576,4,0) -> 35.9 | F18: 1 | H18: 1 | J18: 1 | L18: 1 | N18: 1 | P18: 1 | R18: 1 | T18: =$D18*E18 -> 0 | U18: =$D18*F18 -> 35.9 | V18: =$D18*G18 -> 0 | W18: =$D18*H18 -> 35.9 | X18: =$D18*I18 -> 0 | Y18: =$D18*J18 -> 35.9 | Z18: =$D18*K18 -> 0 | AA18: =$D18*L18 -> 35.9 | ... AH18: =$D18*S18 -> 0 | AI18: =AJ18/$AI$2 -> 0.016589649 | AJ18: =SUM(T18:AH18) -> 251.3
A19: 3 | B19: Elemento do filtro de ar do motor | C19: 52046268 | D19: =VLOOKUP(C19,'[1]PREÇO ATUAL'!$A$1:$D$1048576,4,0) -> 89.9 | F19: 1 | H19: 1 | J19: 1 | L19: 1 | N19: 1 | P19: 1 | R19: 1 | T19: =$D19*E19 -> 0 | U19: =$D19*F19 -> 89.9 | V19: =$D19*G19 -> 0 | W19: =$D19*H19 -> 89.9 | X19: =$D19*I19 -> 0 | Y19: =$D19*J19 -> 89.9 | Z19: =$D19*K19 -> 0 | AA19: =$D19*L19 -> 89.9 | ... AH19: =$D19*S19 -> 0 | AI19: =AJ19/$AI$2 -> 0.041543438 | AJ19: =SUM(T19:AH19) -> 629.3
A20: 4 | B20: Filtro de ar limpo do canister | C20: 7096883 | D20: =VLOOKUP(C20,'[1]PREÇO ATUAL'!$A$1:$D$1048576,4,0) -> 199.05 | E20: 1 | F20: 1 | G20: 1 | H20: 1 | I20: 1 | J20: 1 | K20: 1 | L20: 1 | M20: 1 | N20: 1 | O20: 1 | P20: 1 | Q20: 1 | R20: 1 | S20: 1 | T20: =$D20*E20 -> 199.05 | U20: =$D20*F20 -> 199.05 | V20: =$D20*G20 -> 199.05 | W20: =$D20*H20 -> 199.05 | X20: =$D20*I20 -> 199.05 | Y20: =$D20*J20 -> 199.05 | Z20: =$D20*K20 -> 199.05 | AA20: =$D20*L20 -> 199.05 | ... AH20: =$D20*S20 -> 199.05 | AI20: =AJ20/$AI$2 -> 0.19710523 | AJ20: =SUM(T20:AH20) -> 2985.75
A21: 5 | B21: Velas de ignição do motor (a cada 40.000 km, independente do tempo) | C21: 55267995 | D21: =VLOOKUP(C21,'[1]PREÇO ATUAL'!$A$1:$D$1048576,4,0) -> 175.9 | H21: 4 | L21: 4 | P21: 4 | T21: =$D21*E21 -> 0 | U21: =$D21*F21 -> 0 | V21: =$D21*G21 -> 0 | W21: =$D21*H21 -> 703.6 | X21: =$D21*I21 -> 0 | Y21: =$D21*J21 -> 0 | Z21: =$D21*K21 -> 0 | AA21: =$D21*L21 -> 703.6 | ... AH21: =$D21*S21 -> 0 | AI21: =AJ21/$AI$2 -> 0.13934513 | AJ21: =SUM(T21:AH21) -> 2110.8
A22: 6 | B22: Correia dos órgão auxiliares (a cada 60.000 km ou 4 anos, o que ocorrer primeiro) | C22: 55267966 | D22: =VLOOKUP(C22,'[1]PREÇO ATUAL'!$A$1:$D$1048576,4,0) -> 143.23 | T22: =$D22*E22 -> 0 | U22: =$D22*F22 -> 0 | V22: =$D22*G22 -> 0 | W22: =$D22*H22 -> 0 | X22: =$D22*I22 -> 0 | Y22: =$D22*J22 -> 0 | Z22: =$D22*K22 -> 0 | AA22: =$D22*L22 -> 0 | ... AH22: =$D22*S22 -> 0 | AI22: =AJ22/$AI$2 -> 0 | AJ22: =SUM(T22:AH22) -> 0
A23: 7 | B23: Substituição do óleo da caixa de cambio mecanica | C23: 7095576 | D23: =VLOOKUP(C23,'[1]PREÇO ATUAL'!$A$1:$D$1048576,4,0) -> 165.97812 | T23: =$D23*E23 -> 0 | U23: =$D23*F23 -> 0 | V23: =$D23*G23 -> 0 | W23: =$D23*H23 -> 0 | X23: =$D23*I23 -> 0 | Y23: =$D23*J23 -> 0 | Z23: =$D23*K23 -> 0 | AA23: =$D23*L23 -> 0 | ... AH23: =$D23*S23 -> 0 | AI23: =AJ23/$AI$2 -> 0 | AJ23: =SUM(T23:AH23) -> 0
A24: 8 | B24: Fluído de freio (a cada 40.000 km ou 2 anos, ou que ocurrer primeiro) | C24: K04549625LA_F | D24: =VLOOKUP(C24,'[1]PREÇO ATUAL'!$A$1:$D$1048576,4,0) -> 33.622493 | T24: =$D24*E24 -> 0 | U24: =$D24*F24 -> 0 | V24: =$D24*G24 -> 0 | W24: =$D24*H24 -> 0 | X24: =$D24*I24 -> 0 | Y24: =$D24*J24 -> 0 | Z24: =$D24*K24 -> 0 | AA24: =$D24*L24 -> 0 | ... AH24: =$D24*S24 -> 0 | AI24: =AJ24/$AI$2 -> 0 | AJ24: =SUM(T24:AH24) -> 0
A25: 9 | B25: Óleo do motor - MOPAR MAXPRO SYNTHETIC 0W20 (SP/GF-6A) | C25: K68218951LA_F | D25: =VLOOKUP(C25,'[1]PREÇO ATUAL'!$A$1:$D$1048576,4,0) -> 81.26 | E25: 3.4 | F25: 3.4 | G25: 3.4 | H25: 3.4 | I25: 3.4 | J25: 3.4 | K25: 3.4 | L25: 3.4 | M25: 3.4 | N25: 3.4 | O25: 3.4 | P25: 3.4 | Q25: 3.4 | R25: 3.4 | S25: 3.4 | T25: =$D25*E25 -> 276.284 | U25: =$D25*F25 -> 276.284 | V25: =$D25*G25 -> 276.284 | W25: =$D25*H25 -> 276.284 | X25: =$D25*I25 -> 276.284 | Y25: =$D25*J25 -> 276.284 | Z25: =$D25*K25 -> 276.284 | AA25: =$D25*L25 -> 276.284 | ... AH25: =$D25*S25 -> 276.284 | AI25: =AJ25/$AI$2 -> 0.27358463 | AJ25: =SUM(T25:AH25) -> 4144.26
A26: 10 | B26: Tempo Padrão de Mão-De-Obra [horas] | C26: MO FIAT | D26: =VLOOKUP(C26,'[1]PREÇO ATUAL'!$A$1:$D$1048576,4,0) -> 342 | E26: 1.05 | F26: 1.4 | G26: 1.1 | H26: 2.4 | I26: 1.2 | J26: 1.65 | K26: 1.05 | L26: 2.4 | M26: 1.1 | N26: 1.55 | O26: 1.05 | P26: 1.7 | Q26: 1.05 | R26: 1.4 | S26: 1.25 | T26: =$D26*E26 -> 359.1 | U26: =$D26*F26 -> 478.8 | V26: =$D26*G26 -> 376.2 | W26: =$D26*H26 -> 820.8 | X26: =$D26*I26 -> 410.4 | Y26: =$D26*J26 -> 564.3 | Z26: =$D26*K26 -> 359.1 | AA26: =$D26*L26 -> 820.8 | ... AH26: =$D26*S26 -> 427.5 | AI26: =AJ26/$AI$2 -> 0.48202403 | AJ26: =SUM(T26:AH26) -> 7301.7
A28: CRONOS 1.3 MY27 AT | E28: PLANO DE MANUTENÇÃO | T28: CUSTOS DE MANUTENÇÃO [R$] | AI28: Total
T29: =MROUND(SUM(T31:T39),1) -> 914 | U29: =MROUND(SUM(U31:U39),1) -> 1160 | V29: =MROUND(SUM(V31:V39),1) -> 931 | W29: =MROUND(SUM(W31:W39),1) -> 2205 | X29: =MROUND(SUM(X31:X39),1) -> 966 | Y29: =MROUND(SUM(Y31:Y39),1) -> 1245 | Z29: =MROUND(SUM(Z31:Z39),1) -> 914 | AA29: =MROUND(SUM(AA31:AA39),1) -> 2205 | ... AH29: =MROUND(SUM(AH31:AH39),1) -> 983 | AI29: =SUM(T29:AH29) -> 18619
A30: Nº | B30: ITENS DE SUBSTITUIÇÃO OBRIGATÓRIA | C30: PN | D30: P. PUB. | E30: 1a | F30: 2a | G30: 3a | H30: 4a | I30: 5a | J30: 6a | K30: 7a | L30: 8a | M30: 9a | N30: 10a | O30: 11 | P30: 12 | Q30: 13 | R30: 14 | S30: 15 | T30: 10000 | U30: 20000 | V30: 30000 | W30: 40000 | X30: 50000 | Y30: 60000 | Z30: 70000 | AA30: 80000 | AB30: 90000 | AC30: 100000 | AD30: =AC30+10000 -> 110000 | AE30: =AD30+10000 -> 120000 | AF30: =AE30+10000 -> 130000 | AG30: =AF30+10000 -> 140000 | AH30: =AG30+10000 -> 150000 | AI30: % 100 | AJ30: TTL 100
A31: 1 | B31: Filtro de óleo do motor | C31: 7094709 | D31: =VLOOKUP(C31,'[1]PREÇO ATUAL'!$A$1:$D$1048576,4,0) -> 79.9 | E31: 1 | F31: 1 | G31: 1 | H31: 1 | I31: 1 | J31: 1 | K31: 1 | L31: 1 | M31: 1 | N31: 1 | O31: 1 | P31: 1 | Q31: 1 | R31: 1 | S31: 1 | T31: =$D31*E31 -> 79.9 | U31: =$D31*F31 -> 79.9 | V31: =$D31*G31 -> 79.9 | W31: =$D31*H31 -> 79.9 | X31: =$D31*I31 -> 79.9 | Y31: =$D31*J31 -> 79.9 | Z31: =$D31*K31 -> 79.9 | AA31: =$D31*L31 -> 79.9 | ... AH31: =$D31*S31 -> 79.9 | AI31: =AJ31/$AI$2 -> 0.079119356 | AJ31: =SUM(T31:AH31) -> 1198.5
A32: 2 | B32: Filtro de Combustível | C32: 52162685 | D32: =VLOOKUP(C32,'[1]PREÇO ATUAL'!$A$1:$D$1048576,4,0) -> 35.9 | F32: 1 | H32: 1 | J32: 1 | L32: 1 | N32: 1 | P32: 1 | R32: 1 | T32: =$D32*E32 -> 0 | U32: =$D32*F32 -> 35.9 | V32: =$D32*G32 -> 0 | W32: =$D32*H32 -> 35.9 | X32: =$D32*I32 -> 0 | Y32: =$D32*J32 -> 35.9 | Z32: =$D32*K32 -> 0 | AA32: =$D32*L32 -> 35.9 | ... AH32: =$D32*S32 -> 0 | AI32: =AJ32/$AI$2 -> 0.016589649 | AJ32: =SUM(T32:AH32) -> 251.3
A33: 3 | B33: Elemento do filtro de ar do motor | C33: 52046268 | D33: =VLOOKUP(C33,'[1]PREÇO ATUAL'!$A$1:$D$1048576,4,0) -> 89.9 | F33: 1 | H33: 1 | J33: 1 | L33: 1 | N33: 1 | P33: 1 | R33: 1 | T33: =$D33*E33 -> 0 | U33: =$D33*F33 -> 89.9 | V33: =$D33*G33 -> 0 | W33: =$D33*H33 -> 89.9 | X33: =$D33*I33 -> 0 | Y33: =$D33*J33 -> 89.9 | Z33: =$D33*K33 -> 0 | AA33: =$D33*L33 -> 89.9 | ... AH33: =$D33*S33 -> 0 | AI33: =AJ33/$AI$2 -> 0.041543438 | AJ33: =SUM(T33:AH33) -> 629.3
A34: 4 | B34: Filtro de ar limpo do canister | C34: 7096883 | D34: =VLOOKUP(C34,'[1]PREÇO ATUAL'!$A$1:$D$1048576,4,0) -> 199.05 | E34: 1 | F34: 1 | G34: 1 | H34: 1 | I34: 1 | J34: 1 | K34: 1 | L34: 1 | M34: 1 | N34: 1 | O34: 1 | P34: 1 | Q34: 1 | R34: 1 | S34: 1 | T34: =$D34*E34 -> 199.05 | U34: =$D34*F34 -> 199.05 | V34: =$D34*G34 -> 199.05 | W34: =$D34*H34 -> 199.05 | X34: =$D34*I34 -> 199.05 | Y34: =$D34*J34 -> 199.05 | Z34: =$D34*K34 -> 199.05 | AA34: =$D34*L34 -> 199.05 | ... AH34: =$D34*S34 -> 199.05 | AI34: =AJ34/$AI$2 -> 0.19710523 | AJ34: =SUM(T34:AH34) -> 2985.75
A35: 5 | B35: Velas de ignição do motor (a cada 40.000 km, independente do tempo) | C35: 55267995 | D35: =VLOOKUP(C35,'[1]PREÇO ATUAL'!$A$1:$D$1048576,4,0) -> 175.9 | H35: 4 | L35: 4 | P35: 4 | T35: =$D35*E35 -> 0 | U35: =$D35*F35 -> 0 | V35: =$D35*G35 -> 0 | W35: =$D35*H35 -> 703.6 | X35: =$D35*I35 -> 0 | Y35: =$D35*J35 -> 0 | Z35: =$D35*K35 -> 0 | AA35: =$D35*L35 -> 703.6 | ... AH35: =$D35*S35 -> 0 | AI35: =AJ35/$AI$2 -> 0.13934513 | AJ35: =SUM(T35:AH35) -> 2110.8
A36: 6 | B36: Correia dos órgão auxiliares (a cada 60.000 km ou 4 anos, o que ocorrer primeiro) | C36: 55267966 | D36: =VLOOKUP(C36,'[1]PREÇO ATUAL'!$A$1:$D$1048576,4,0) -> 143.23 | T36: =$D36*E36 -> 0 | U36: =$D36*F36 -> 0 | V36: =$D36*G36 -> 0 | W36: =$D36*H36 -> 0 | X36: =$D36*I36 -> 0 | Y36: =$D36*J36 -> 0 | Z36: =$D36*K36 -> 0 | AA36: =$D36*L36 -> 0 | ... AH36: =$D36*S36 -> 0 | AI36: =AJ36/$AI$2 -> 0 | AJ36: =SUM(T36:AH36) -> 0
A37: 7 | B37: Fluído de freio (a cada 40.000 km ou 2 anos, ou que ocurrer primeiro) | C37: K04549625LA_F | D37: =VLOOKUP(C37,'[1]PREÇO ATUAL'!$A$1:$D$1048576,4,0) -> 33.622493 | T37: =$D37*E37 -> 0 | U37: =$D37*F37 -> 0 | V37: =$D37*G37 -> 0 | W37: =$D37*H37 -> 0 | X37: =$D37*I37 -> 0 | Y37: =$D37*J37 -> 0 | Z37: =$D37*K37 -> 0 | AA37: =$D37*L37 -> 0 | ... AH37: =$D37*S37 -> 0 | AI37: =AJ37/$AI$2 -> 0 | AJ37: =SUM(T37:AH37) -> 0
A38: 8 | B38: Óleo do motor - MOPAR MAXPRO SYNTHETIC 0W20 (SP/GF-6A) | C38: K68218951LA_F | D38: =VLOOKUP(C38,'[1]PREÇO ATUAL'!$A$1:$D$1048576,4,0) -> 81.26 | E38: 3.4 | F38: 3.4 | G38: 3.4 | H38: 3.4 | I38: 3.4 | J38: 3.4 | K38: 3.4 | L38: 3.4 | M38: 3.4 | N38: 3.4 | O38: 3.4 | P38: 3.4 | Q38: 3.4 | R38: 3.4 | S38: 3.4 | T38: =$D38*E38 -> 276.284 | U38: =$D38*F38 -> 276.284 | V38: =$D38*G38 -> 276.284 | W38: =$D38*H38 -> 276.284 | X38: =$D38*I38 -> 276.284 | Y38: =$D38*J38 -> 276.284 | Z38: =$D38*K38 -> 276.284 | AA38: =$D38*L38 -> 276.284 | ... AH38: =$D38*S38 -> 276.284 | AI38: =AJ38/$AI$2 -> 0.27358463 | AJ38: =SUM(T38:AH38) -> 4144.26
A39: 9 | B39: Tempo Padrão de Mão-De-Obra [horas] | C39: MO FIAT | D39: =VLOOKUP(C39,'[1]PREÇO ATUAL'!$A$1:$D$1048576,4,0) -> 342 | E39: 1.05 | F39: 1.4 | G39: 1.1 | H39: 2.4 | I39: 1.2 | J39: 1.65 | K39: 1.05 | L39: 2.4 | M39: 1.1 | N39: 1.55 | O39: 1.05 | P39: 1.7 | Q39: 1.05 | R39: 1.4 | S39: 1.25 | T39: =$D39*E39 -> 359.1 | U39: =$D39*F39 -> 478.8 | V39: =$D39*G39 -> 376.2 | W39: =$D39*H39 -> 820.8 | X39: =$D39*I39 -> 410.4 | Y39: =$D39*J39 -> 564.3 | Z39: =$D39*K39 -> 359.1 | AA39: =$D39*L39 -> 820.8 | ... AH39: =$D39*S39 -> 427.5 | AI39: =AJ39/$AI$2 -> 0.48202403 | AJ39: =SUM(T39:AH39) -> 7301.7

Sheet CRONOS 1.8
A1: CRONOS 1.8 | E1: PLANO DE MANUTENÇÃO | T1: CUSTOS DE MANUTENÇÃO [R$] | AI1: Total
T2: =MROUND(SUM(T4:T12),1) -> 688 | U2: =MROUND(SUM(U4:U12),1) -> 928 | V2: =MROUND(SUM(V4:V12),1) -> 705 | W2: =MROUND(SUM(W4:W12),1) -> 1082 | X2: =MROUND(SUM(X4:X12),1) -> 739 | Y2: =MROUND(SUM(Y4:Y12),1) -> 2016 | Z2: =MROUND(SUM(Z4:Z12),1) -> 705 | AA2: =MROUND(SUM(AA4:AA12),1) -> 1082 | ... AH2: =MROUND(SUM(AH4:AH12),1) -> 756 | AI2: =SUM(T2:AH2) -> 15244
A3: Nº | B3: ITENS DE SUBSTITUIÇÃO OBRIGATÓRIA | C3: PN | D3: P. PUB. | E3: 1a | F3: 2a | G3: 3a | H3: 4a | I3: 5a | J3: 6a | K3: 7a | L3: 8a | M3: 9a | N3: 10a | O3: 11 | P3: 12 | Q3: 13 | R3: 14 | S3: 15 | T3: 10000 | U3: 20000 | V3: 30000 | W3: 40000 | X3: 50000 | Y3: 60000 | Z3: 70000 | AA3: 80000 | AB3: 90000 | AC3: 100000 | AD3: =AC3+10000 -> 110000 | AE3: =AD3+10000 -> 120000 | AF3: =AE3+10000 -> 130000 | AG3: =AF3+10000 -> 140000 | AH3: =AG3+10000 -> 150000 | AI3: % 100 | AJ3: TTL 100
A4: 1 | B4: Filtro de Óleo do Motor | C4: 7087808 | D4: =VLOOKUP(C4,'[1]PREÇO ATUAL'!$A$1:$D$1048576,4,0) -> 41.43 | E4: 1 | F4: 1 | G4: 1 | H4: 1 | I4: 1 | J4: 1 | K4: 1 | L4: 1 | M4: 1 | N4: 1 | O4: 1 | P4: 1 | Q4: 1 | R4: 1 | S4: 1 | T4: =$D4*E4 -> 41.43 | U4: =$D4*F4 -> 41.43 | V4: =$D4*G4 -> 41.43 | W4: =$D4*H4 -> 41.43 | X4: =$D4*I4 -> 41.43 | Y4: =$D4*J4 -> 41.43 | Z4: =$D4*K4 -> 41.43 | AA4: =$D4*L4 -> 41.43 | ... AH4: =$D4*S4 -> 41.43 | AI4: =AJ4/$AI$2 -> 0.040766859 | AJ4: =SUM(T4:AH4) -> 621.45
A5: 2 | B5: Filtro Combustível | C5: 52162685 | D5: =VLOOKUP(C5,'[1]PREÇO ATUAL'!$A$1:$D$1048576,4,0) -> 35.9 | F5: 1 | H5: 1 | J5: 1 | L5: 1 | N5: 1 | P5: 1 | R5: 1 | T5: =$D5*E5 -> 0 | U5: =$D5*F5 -> 35.9 | V5: =$D5*G5 -> 0 | W5: =$D5*H5 -> 35.9 | X5: =$D5*I5 -> 0 | Y5: =$D5*J5 -> 35.9 | Z5: =$D5*K5 -> 0 | AA5: =$D5*L5 -> 35.9 | ... AH5: =$D5*S5 -> 0 | AI5: =AJ5/$AI$2 -> 0.016485174 | AJ5: =SUM(T5:AH5) -> 251.3
A6: 3 | B6: Filtro de Ar | C6: 52062431 | D6: =VLOOKUP(C6,'[1]PREÇO ATUAL'!$A$1:$D$1048576,4,0) -> 84.9 | F6: 1 | H6: 1 | J6: 1 | L6: 1 | N6: 1 | P6: 1 | R6: 1 | T6: =$D6*E6 -> 0 | U6: =$D6*F6 -> 84.9 | V6: =$D6*G6 -> 0 | W6: =$D6*H6 -> 84.9 | X6: =$D6*I6 -> 0 | Y6: =$D6*J6 -> 84.9 | Z6: =$D6*K6 -> 0 | AA6: =$D6*L6 -> 84.9 | ... AH6: =$D6*S6 -> 0 | AI6: =AJ6/$AI$2 -> 0.03898583 | AJ6: =SUM(T6:AH6) -> 594.3
A7: 4 | B7: Vela Ignição | C7: 46348847 | D7: =VLOOKUP(C7,'[1]PREÇO ATUAL'!$A$1:$D$1048576,4,0) -> 114.24 | J7: 4 | P7: 4 | T7: =$D7*E7 -> 0 | U7: =$D7*F7 -> 0 | V7: =$D7*G7 -> 0 | W7: =$D7*H7 -> 0 | X7: =$D7*I7 -> 0 | Y7: =$D7*J7 -> 456.96 | Z7: =$D7*K7 -> 0 | AA7: =$D7*L7 -> 0 | ... AH7: =$D7*S7 -> 0 | AI7: =AJ7/$AI$2 -> 0.059952768 | AJ7: =SUM(T7:AH7) -> 913.92
A8: 5 | B8: Correia dos Orgãos Auxiliares | C8: 55258359 | D8: =VLOOKUP(C8,'[1]PREÇO ATUAL'!$A$1:$D$1048576,4,0) -> 169.01 | J8: 1 | P8: 1 | T8: =$D8*E8 -> 0 | U8: =$D8*F8 -> 0 | V8: =$D8*G8 -> 0 | W8: =$D8*H8 -> 0 | X8: =$D8*I8 -> 0 | Y8: =$D8*J8 -> 169.01 | Z8: =$D8*K8 -> 0 | AA8: =$D8*L8 -> 0 | ... AH8: =$D8*S8 -> 0 | AI8: =AJ8/$AI$2 -> 0.02217397 | AJ8: =SUM(T8:AH8) -> 338.02
A9: 6 | B9: Óleo da caixa de cambio mecanica - SAE 75W – API GL4 | C9: 7095576 | D9: =VLOOKUP(C9,'[1]PREÇO ATUAL'!$A$1:$D$1048576,4,0) -> 165.97812 | P9: 2 | T9: =$D9*E9 -> 0 | U9: =$D9*F9 -> 0 | V9: =$D9*G9 -> 0 | W9: =$D9*H9 -> 0 | X9: =$D9*I9 -> 0 | Y9: =$D9*J9 -> 0 | Z9: =$D9*K9 -> 0 | AA9: =$D9*L9 -> 0 | ... AH9: =$D9*S9 -> 0 | AI9: =AJ9/$AI$2 -> 0.02177619 | AJ9: =SUM(T9:AH9) -> 331.95624
A10: 7 | B10: MOPAR BRAKE FLUID DOT 4 - A cada 2 anos | C10: K04549625LA_F | D10: =VLOOKUP(C10,'[1]PREÇO ATUAL'!$A$1:$D$1048576,4,0) -> 33.622493 | T10: =$D10*E10 -> 0 | U10: =$D10*F10 -> 0 | V10: =$D10*G10 -> 0 | W10: =$D10*H10 -> 0 | X10: =$D10*I10 -> 0 | Y10: =$D10*J10 -> 0 | Z10: =$D10*K10 -> 0 | AA10: =$D10*L10 -> 0 | ... AH10: =$D10*S10 -> 0 | AI10: =AJ10/$AI$2 -> 0 | AJ10: =SUM(T10:AH10) -> 0
A11: 8 | B11: MOPAR MAXPRO 5W30 (SN/GF-5) | C11: K68218921LA_F | D11: =VLOOKUP(C11,'[1]PREÇO ATUAL'!$A$1:$D$1048576,4,0) -> 75.7 | E11: 4.7 | F11: 4.7 | G11: 4.7 | H11: 4.7 | I11: 4.7 | J11: 4.7 | K11: 4.7 | L11: 4.7 | M11: 4.7 | N11: 4.7 | O11: 4.7 | P11: 4.7 | Q11: 4.7 | R11: 4.7 | S11: 4.7 | T11: =$D11*E11 -> 355.79 | U11: =$D11*F11 -> 355.79 | V11: =$D11*G11 -> 355.79 | W11: =$D11*H11 -> 355.79 | X11: =$D11*I11 -> 355.79 | Y11: =$D11*J11 -> 355.79 | Z11: =$D11*K11 -> 355.79 | AA11: =$D11*L11 -> 355.79 | ... AH11: =$D11*S11 -> 355.79 | AI11: =AJ11/$AI$2 -> 0.35009512 | AJ11: =SUM(T11:AH11) -> 5336.85
A12: 9 | B12: Tempo Padrão de Mão-De-Obra [horas] | C12: MO FIAT | D12: =VLOOKUP(C12,'[1]PREÇO ATUAL'!$A$1:$D$1048576,4,0) -> 342 | E12: 0.85 | F12: 1.2 | G12: 0.9 | H12: 1.65 | I12: 1 | J12: 2.55 | K12: 0.9 | L12: 1.65 | M12: 0.9 | N12: 1.35 | O12: 0.85 | P12: 3.1 | Q12: 0.85 | R12: 1.25 | S12: 1.05 | T12: =D12*E12 -> 290.7 | U12: =$D12*F12 -> 410.4 | V12: =$D12*G12 -> 307.8 | W12: =$D12*H12 -> 564.3 | X12: =$D12*I12 -> 342 | Y12: =$D12*J12 -> 872.1 | Z12: =$D12*K12 -> 307.8 | AA12: =$D12*L12 -> 564.3 | AB12: =$D12*M12 -> 307.8 | ... AH12: =$D12*S12 -> 359.1 | AI12: =AJ12/$AI$2 -> 0.44982288 | AJ12: =SUM(T12:AH12) -> 6857.1

Sheet NOVO UNO 1.0 FIRE
A1: UNO 1.0 FIRE | E1: PLANO DE MANUTENÇÃO | O1: CUSTOS DE MANUTENÇÃO [R$] | Y1: Total
O2: =MROUND(SUM(O4:O13),1) -> 608 | P2: =MROUND(SUM(P4:P13),1) -> 813 | Q2: =MROUND(SUM(Q4:Q13),1) -> 1098 | R2: =MROUND(SUM(R4:R13),1) -> 915 | S2: =MROUND(SUM(S4:S13),1) -> 676 | T2: =MROUND(SUM(T4:T13),1) -> 2305 | U2: =MROUND(SUM(U4:U13),1) -> 608 | V2: =MROUND(SUM(V4:V13),1) -> 915 | ... X2: =MROUND(SUM(X4:X13),1) -> 847 | Y2: =SUM(O2:X2) -> 9883
A3: Nº | B3: ITENS DE SUBSTITUIÇÃO OBRIGATÓRIA | C3: PN | D3: P. PUB. | E3: 1a | F3: 2a | G3: 3a | H3: 4a | I3: 5a | J3: 6a | K3: 7a | L3: 8a | M3: 9a | N3: 10a | O3: 10000 | P3: 20000 | Q3: 30000 | R3: 40000 | S3: 50000 | T3: 60000 | U3: 70000 | V3: 80000 | W3: 90000 | X3: 100000 | Y3: % 100 | Z3: TTL 100
A4: 1 | B4: VELA IGNICAO | C4: 46480362 | D4: =VLOOKUP(C4,'[1]PREÇO ATUAL'!$A$1:$D$1048576,4,0) -> 24.15 | G4: 4 | J4: 4 | M4: 4 | O4: =$D4*E4 -> 0 | P4: =$D4*F4 -> 0 | Q4: =$D4*G4 -> 96.6 | R4: =$D4*H4 -> 0 | S4: =$D4*I4 -> 0 | T4: =$D4*J4 -> 96.6 | U4: =$D4*K4 -> 0 | V4: =$D4*L4 -> 0 | ... X4: =$D4*N4 -> 0 | Y4: =Z4/$Y$2 -> 0.02932308 | Z4: =SUM(O4:X4) -> 289.8
A5: 2 | B5: CORREIA DISTRIBUICAO | C5: 46337687 | D5: =VLOOKUP(C5,'[1]PREÇO ATUAL'!$A$1:$D$1048576,4,0) -> 136.4 | J5: 1 | O5: =$D5*E5 -> 0 | P5: =$D5*F5 -> 0 | Q5: =$D5*G5 -> 0 | R5: =$D5*H5 -> 0 | S5: =$D5*I5 -> 0 | T5: =$D5*J5 -> 136.4 | U5: =$D5*K5 -> 0 | V5: =$D5*L5 -> 0 | ... X5: =$D5*N5 -> 0 | Y5: =Z5/$Y$2 -> 0.013801477 | Z5: =SUM(O5:X5) -> 136.4
A6: 3 | B6: FILTRO OLEO | C6: 46751179 | D6: =VLOOKUP(C6,'[1]PREÇO ATUAL'!$A$1:$D$1048576,4,0) -> 71.2 | E6: 1 | F6: 1 | G6: 1 | H6: 1 | I6: 1 | J6: 1 | K6: 1 | L6: 1 | M6: 1 | N6: 1 | O6: =$D6*E6 -> 71.2 | P6: =$D6*F6 -> 71.2 | Q6: =$D6*G6 -> 71.2 | R6: =$D6*H6 -> 71.2 | S6: =$D6*I6 -> 71.2 | T6: =$D6*J6 -> 71.2 | U6: =$D6*K6 -> 71.2 | V6: =$D6*L6 -> 71.2 | ... X6: =$D6*N6 -> 71.2 | Y6: =Z6/$Y$2 -> 0.072042902 | Z6: =SUM(O6:X6) -> 712
A7: 4 | B7: FILTRO COMBUSTIVEL | C7: 52162685 | D7: =VLOOKUP(C7,'[1]PREÇO ATUAL'!$A$1:$D$1048576,4,0) -> 35.9 | F7: 1 | H7: 1 | J7: 1 | L7: 1 | N7: 1 | O7: =$D7*E7 -> 0 | P7: =$D7*F7 -> 35.9 | Q7: =$D7*G7 -> 0 | R7: =$D7*H7 -> 35.9 | S7: =$D7*I7 -> 0 | T7: =$D7*J7 -> 35.9 | U7: =$D7*K7 -> 0 | V7: =$D7*L7 -> 35.9 | ... X7: =$D7*N7 -> 35.9 | Y7: =Z7/$Y$2 -> 0.018162501 | Z7: =SUM(O7:X7) -> 179.5
A8: 5 | B8: ELEMENTO FILTRANTE | C8: 51854598 | D8: =VLOOKUP(C8,'[1]PREÇO ATUAL'!$A$1:$D$1048576,4,0) -> 83.06 | F8: 1 | H8: 1 | J8: 1 | L8: 1 | N8: 1 | O8: =$D8*E8 -> 0 | P8: =$D8*F8 -> 83.06 | Q8: =$D8*G8 -> 0 | R8: =$D8*H8 -> 83.06 | S8: =$D8*I8 -> 0 | T8: =$D8*J8 -> 83.06 | U8: =$D8*K8 -> 0 | V8: =$D8*L8 -> 83.06 | ... X8: =$D8*N8 -> 83.06 | Y8: =Z8/$Y$2 -> 0.042021653 | Z8: =SUM(O8:X8) -> 415.3
A9: 6 | B9: CORREIA TRANSMISSAO C/ AC | C9: 55236185 | D9: =VLOOKUP(C9,'[1]PREÇO ATUAL'!$A$1:$D$1048576,4,0) -> 139.9 | J9: 1 | O9: =$D9*E9 -> 0 | P9: =$D9*F9 -> 0 | Q9: =$D9*G9 -> 0 | R9: =$D9*H9 -> 0 | S9: =$D9*I9 -> 0 | T9: =$D9*J9 -> 139.9 | U9: =$D9*K9 -> 0 | V9: =$D9*L9 -> 0 | ... X9: =$D9*N9 -> 0 | Y9: =Z9/$Y$2 -> 0.014155621 | Z9: =SUM(O9:X9) -> 139.9
A10: 7 | B10: CORREIA TRANSMISSAO DH | C10: 46744566 | D10: =VLOOKUP(C10,'[1]PREÇO ATUAL'!$A$1:$D$1048576,4,0) -> 25.55 | J10: 1 | O10: =$D10*E10 -> 0 | P10: =$D10*F10 -> 0 | Q10: =$D10*G10 -> 0 | R10: =$D10*H10 -> 0 | S10: =$D10*I10 -> 0 | T10: =$D10*J10 -> 25.55 | U10: =$D10*K10 -> 0 | V10: =$D10*L10 -> 0 | ... X10: =$D10*N10 -> 0 | Y10: =Z10/$Y$2 -> 0.0025852474 | Z10: =SUM(O10:X10) -> 25.55
A11: 8 | B11: MOPAR MAXPRO 5W30 (SN/GF-5) | C11: K68218921LA_F | D11: =VLOOKUP(C11,'[1]PREÇO ATUAL'!$A$1:$D$1048576,4,0) -> 75.7 | E11: 2.8 | F11: 2.8 | G11: 2.8 | H11: 2.8 | I11: 2.8 | J11: 2.8 | K11: 2.8 | L11: 2.8 | M11: 2.8 | N11: 2.8 | O11: =$D11*E11 -> 211.96 | P11: =$D11*F11 -> 211.96 | Q11: =$D11*G11 -> 211.96 | R11: =$D11*H11 -> 211.96 | S11: =$D11*I11 -> 211.96 | T11: =$D11*J11 -> 211.96 | U11: =$D11*K11 -> 211.96 | V11: =$D11*L11 -> 211.96 | ... X11: =$D11*N11 -> 211.96 | Y11: =Z11/$Y$2 -> 0.21446929 | Z11: =SUM(O11:X11) -> 2119.6
A12: 9 | B12: MOPAR BRAKE FLUID DOT 4 - A cada 2 anos | C12: K04549625LA_F | D12: =VLOOKUP(C12,'[1]PREÇO ATUAL'!$A$1:$D$1048576,4,0) -> 33.622493 | O12: =$D12*E12 -> 0 | P12: =$D12*F12 -> 0 | Q12: =$D12*G12 -> 0 | R12: =$D12*H12 -> 0 | S12: =$D12*I12 -> 0 | T12: =$D12*J12 -> 0 | U12: =$D12*K12 -> 0 | V12: =$D12*L12 -> 0 | ... X12: =$D12*N12 -> 0 | Y12: =Z12/$Y$2 -> 0 | Z12: =SUM(O12:X12) -> 0
A13: 10 | B13: Tempo Padrão de Mão-De-Obra [horas] | C13: MO FIAT | D13: =VLOOKUP(C13,'[1]PREÇO ATUAL'!$A$1:$D$1048576,4,0) -> 342 | E13: 0.95 | F13: 1.2 | G13: 2.1 | H13: 1.5 | I13: 1.15 | J13: 4.4 | K13: 0.95 | L13: 1.5 | M13: 2.1 | N13: 1.3 | O13: =D13*E13 -> 324.9 | P13: =$D13*F13 -> 410.4 | Q13: =$D13*G13 -> 718.2 | R13: =$D13*H13 -> 513 | S13: =$D13*I13 -> 393.3 | T13: =$D13*J13 -> 1504.8 | U13: =$D13*K13 -> 324.9 | V13: =$D13*L13 -> 513 | W13: =$D13*M13 -> 718.2 | X13: =$D13*N13 -> 444.6 | Y13: =Z13/$Y$2 -> 0.59347364 | Z13: =SUM(O13:X13) -> 5865.3

Sheet NOVO UNO 1.0 FIREFLY
A1: UNO 1.0 FIREFLY | E1: PLANO DE MANUTENÇÃO | O1: CUSTOS DE MANUTENÇÃO [R$] | Y1: Total
O2: =MROUND(SUM(O4:O11),1) -> 577 | P2: =MROUND(SUM(P4:P11),1) -> 788 | Q2: =MROUND(SUM(Q4:Q11),1) -> 611 | R2: =MROUND(SUM(R4:R11),1) -> 1419 | S2: =MROUND(SUM(S4:S11),1) -> 628 | T2: =MROUND(SUM(T4:T11),1) -> 1171 | U2: =MROUND(SUM(U4:U11),1) -> 577 | V2: =MROUND(SUM(V4:V11),1) -> 1419 | ... X2: =MROUND(SUM(X4:X11),1) -> 840 | Y2: =SUM(O2:X2) -> 8641
A3: Nº | B3: ITENS DE SUBSTITUIÇÃO OBRIGATÓRIA | C3: PN | D3: P. PUB. | E3: 1a | F3: 2a | G3: 3a | H3: 4a | I3: 5a | J3: 6a | K3: 7a | L3: 8a | M3: 9a | N3: 10a | O3: 10000 | P3: 20000 | Q3: 30000 | R3: 40000 | S3: 50000 | T3: 60000 | U3: 70000 | V3: 80000 | W3: 90000 | X3: 100000 | Y3: % 100 | Z3: TTL 100
A4: 1 | B4: Filtro de Óleo do Motor | C4: 7094709 | D4: =VLOOKUP(C4,'[1]PREÇO ATUAL'!$A$1:$D$1048576,4,0) -> 79.9 | E4: 1 | F4: 1 | G4: 1 | H4: 1 | I4: 1 | J4: 1 | K4: 1 | L4: 1 | M4: 1 | N4: 1 | O4: =$D4*E4 -> 79.9 | P4: =$D4*F4 -> 79.9 | Q4: =$D4*G4 -> 79.9 | R4: =$D4*H4 -> 79.9 | S4: =$D4*I4 -> 79.9 | T4: =$D4*J4 -> 79.9 | U4: =$D4*K4 -> 79.9 | V4: =$D4*L4 -> 79.9 | ... X4: =$D4*N4 -> 79.9 | Y4: =Z4/$Y$2 -> 0.09246615 | Z4: =SUM(O4:X4) -> 799
A5: 2 | B5: Filtro de Combustível | C5: 52162685 | D5: =VLOOKUP(C5,'[1]PREÇO ATUAL'!$A$1:$D$1048576,4,0) -> 35.9 | F5: 1 | H5: 1 | J5: 1 | L5: 1 | N5: 1 | O5: =$D5*E5 -> 0 | P5: =$D5*F5 -> 35.9 | Q5: =$D5*G5 -> 0 | R5: =$D5*H5 -> 35.9 | S5: =$D5*I5 -> 0 | T5: =$D5*J5 -> 35.9 | U5: =$D5*K5 -> 0 | V5: =$D5*L5 -> 35.9 | ... X5: =$D5*N5 -> 35.9 | Y5: =Z5/$Y$2 -> 0.020773059 | Z5: =SUM(O5:X5) -> 179.5
A6: 3 | B6: Filtro de Ar | C6: 52046268 | D6: =VLOOKUP(C6,'[1]PREÇO ATUAL'!$A$1:$D$1048576,4,0) -> 89.9 | F6: 1 | H6: 1 | J6: 1 | L6: 1 | N6: 1 | O6: =$D6*E6 -> 0 | P6: =$D6*F6 -> 89.9 | Q6: =$D6*G6 -> 0 | R6: =$D6*H6 -> 89.9 | S6: =$D6*I6 -> 0 | T6: =$D6*J6 -> 89.9 | U6: =$D6*K6 -> 0 | V6: =$D6*L6 -> 89.9 | ... X6: =$D6*N6 -> 89.9 | Y6: =Z6/$Y$2 -> 0.052019442 | Z6: =SUM(O6:X6) -> 449.5
A7: 4 | B7: Vela de Ignição | C7: 55267995 | D7: =VLOOKUP(C7,'[1]PREÇO ATUAL'!$A$1:$D$1048576,4,0) -> 175.9 | H7: 3 | L7: 3 | O7: =$D7*E7 -> 0 | P7: =$D7*F7 -> 0 | Q7: =$D7*G7 -> 0 | R7: =$D7*H7 -> 527.7 | S7: =$D7*I7 -> 0 | T7: =$D7*J7 -> 0 | U7: =$D7*K7 -> 0 | V7: =$D7*L7 -> 527.7 | ... X7: =$D7*N7 -> 0 | Y7: =Z7/$Y$2 -> 0.12213864 | Z7: =SUM(O7:X7) -> 1055.4
A8: 5 | B8: Correia dos Órgãos Auxiliares | C8: 55267966 | D8: =VLOOKUP(C8,'[1]PREÇO ATUAL'!$A$1:$D$1048576,4,0) -> 143.23 | J8: 1 | O8: =$D8*E8 -> 0 | P8: =$D8*F8 -> 0 | Q8: =$D8*G8 -> 0 | R8: =$D8*H8 -> 0 | S8: =$D8*I8 -> 0 | T8: =$D8*J8 -> 143.23 | U8: =$D8*K8 -> 0 | V8: =$D8*L8 -> 0 | ... X8: =$D8*N8 -> 0 | Y8: =Z8/$Y$2 -> 0.016575628 | Z8: =SUM(O8:X8) -> 143.23
A9: 6 | B9: MOPAR BRAKE FLUID DOT 4 - A cada 2 anos | C9: K04549625LA_F | D9: =VLOOKUP(C9,'[1]PREÇO ATUAL'!$A$1:$D$1048576,4,0) -> 33.622493 | O9: =$D9*E9 -> 0 | P9: =$D9*F9 -> 0 | Q9: =$D9*G9 -> 0 | R9: =$D9*H9 -> 0 | S9: =$D9*I9 -> 0 | T9: =$D9*J9 -> 0 | U9: =$D9*K9 -> 0 | V9: =$D9*L9 -> 0 | ... X9: =$D9*N9 -> 0 | Y9: =Z9/$Y$2 -> 0 | Z9: =SUM(O9:X9) -> 0
A10: 7 | B10: MOPAR MAXPRO SYNTHETIC 0W20 (SP/GF-6A) | C10: K68218951LA_F | D10: =VLOOKUP(C10,'[1]PREÇO ATUAL'!$A$1:$D$1048576,4,0) -> 81.26 | E10: 2.54 | F10: 2.54 | G10: 2.54 | H10: 2.54 | I10: 2.54 | J10: 2.54 | K10: 2.54 | L10: 2.54 | M10: 2.54 | N10: 2.54 | O10: =$D10*E10 -> 206.4004 | P10: =$D10*F10 -> 206.4004 | Q10: =$D10*G10 -> 206.4004 | R10: =$D10*H10 -> 206.4004 | S10: =$D10*I10 -> 206.4004 | T10: =$D10*J10 -> 206.4004 | U10: =$D10*K10 -> 206.4004 | V10: =$D10*L10 -> 206.4004 | ... X10: =$D10*N10 -> 206.4004 | Y10: =Z10/$Y$2 -> 0.23886171 | Z10: =SUM(O10:X10) -> 2064.004
A11: 8 | B11: Tempo Padrão de Mão-De-Obra [horas] | C11: MO FIAT | D11: =VLOOKUP(C11,'[1]PREÇO ATUAL'!$A$1:$D$1048576,4,0) -> 342 | E11: 0.85 | F11: 1.1 | G11: 0.95 | H11: 1.4 | I11: 1 | J11: 1.8 | K11: 0.85 | L11: 1.4 | M11: 0.95 | N11: 1.25 | O11: =D11*E11 -> 290.7 | P11: =$D11*F11 -> 376.2 | Q11: =$D11*G11 -> 324.9 | R11: =$D11*H11 -> 478.8 | S11: =$D11*I11 -> 342 | T11: =$D11*J11 -> 615.6 | U11: =$D11*K11 -> 290.7 | V11: =$D11*L11 -> 478.8 | W11: =$D11*M11 -> 324.9 | X11: =$D11*N11 -> 427.5 | Y11: =Z11/$Y$2 -> 0.45713459 | Z11: =SUM(O11:X11) -> 3950.1

Sheet NOVO UNO 1.3 FIREFLY
A1: UNO 1.3 FIREFLY | E1: PLANO DE MANUTENÇÃO | O1: CUSTOS DE MANUTENÇÃO [R$] | Y1: Total
O2: =MROUND(SUM(O4:O11),1) -> 644 | P2: =MROUND(SUM(P4:P11),1) -> 855 | Q2: =MROUND(SUM(Q4:Q11),1) -> 678 | R2: =MROUND(SUM(R4:R11),1) -> 1661 | S2: =MROUND(SUM(S4:S11),1) -> 695 | T2: =MROUND(SUM(T4:T11),1) -> 1238 | U2: =MROUND(SUM(U4:U11),1) -> 644 | V2: =MROUND(SUM(V4:V11),1) -> 1661 | ... X2: =MROUND(SUM(X4:X11),1) -> 906 | Y2: =SUM(O2:X2) -> 9660
A3: Nº | B3: ITENS DE SUBSTITUIÇÃO OBRIGATÓRIA | C3: PN | D3: P. PUB. | E3: 1a | F3: 2a | G3: 3a | H3: 4a | I3: 5a | J3: 6a | K3: 7a | L3: 8a | M3: 9a | N3: 10a | O3: 10000 | P3: 20000 | Q3: 30000 | R3: 40000 | S3: 50000 | T3: 60000 | U3: 70000 | V3: 80000 | W3: 90000 | X3: 100000 | Y3: % 100 | Z3: TTL 100
A4: 1 | B4: Filtro de Óleo do Motor | C4: 7094709 | D4: =VLOOKUP(C4,'[1]PREÇO ATUAL'!$A$1:$D$1048576,4,0) -> 79.9 | E4: 1 | F4: 1 | G4: 1 | H4: 1 | I4: 1 | J4: 1 | K4: 1 | L4: 1 | M4: 1 | N4: 1 | O4: =$D4*E4 -> 79.9 | P4: =$D4*F4 -> 79.9 | Q4: =$D4*G4 -> 79.9 | R4: =$D4*H4 -> 79.9 | S4: =$D4*I4 -> 79.9 | T4: =$D4*J4 -> 79.9 | U4: =$D4*K4 -> 79.9 | V4: =$D4*L4 -> 79.9 | ... X4: =$D4*N4 -> 79.9 | Y4: =Z4/$Y$2 -> 0.082712215 | Z4: =SUM(O4:X4) -> 799
A5: 2 | B5: Filtro de Combustível | C5: 52162685 | D5: =VLOOKUP(C5,'[1]PREÇO ATUAL'!$A$1:$D$1048576,4,0) -> 35.9 | F5: 1 | H5: 1 | J5: 1 | L5: 1 | N5: 1 | O5: =$D5*E5 -> 0 | P5: =$D5*F5 -> 35.9 | Q5: =$D5*G5 -> 0 | R5: =$D5*H5 -> 35.9 | S5: =$D5*I5 -> 0 | T5: =$D5*J5 -> 35.9 | U5: =$D5*K5 -> 0 | V5: =$D5*L5 -> 35.9 | ... X5: =$D5*N5 -> 35.9 | Y5: =Z5/$Y$2 -> 0.018581781 | Z5: =SUM(O5:X5) -> 179.5
A6: 3 | B6: Filtro de Ar | C6: 52046268 | D6: =VLOOKUP(C6,'[1]PREÇO ATUAL'!$A$1:$D$1048576,4,0) -> 89.9 | F6: 1 | H6: 1 | J6: 1 | L6: 1 | N6: 1 | O6: =$D6*E6 -> 0 | P6: =$D6*F6 -> 89.9 | Q6: =$D6*G6 -> 0 | R6: =$D6*H6 -> 89.9 | S6: =$D6*I6 -> 0 | T6: =$D6*J6 -> 89.9 | U6: =$D6*K6 -> 0 | V6: =$D6*L6 -> 89.9 | ... X6: =$D6*N6 -> 89.9 | Y6: =Z6/$Y$2 -> 0.046532091 | Z6: =SUM(O6:X6) -> 449.5
A7: 4 | B7: Vela de Ignição | C7: 55267995 | D7: =VLOOKUP(C7,'[1]PREÇO ATUAL'!$A$1:$D$1048576,4,0) -> 175.9 | H7: 4 | L7: 4 | O7: =$D7*E7 -> 0 | P7: =$D7*F7 -> 0 | Q7: =$D7*G7 -> 0 | R7: =$D7*H7 -> 703.6 | S7: =$D7*I7 -> 0 | T7: =$D7*J7 -> 0 | U7: =$D7*K7 -> 0 | V7: =$D7*L7 -> 703.6 | ... X7: =$D7*N7 -> 0 | Y7: =Z7/$Y$2 -> 0.14567288 | Z7: =SUM(O7:X7) -> 1407.2
A8: 5 | B8: Correia dos Órgãos Auxiliares | C8: 55267966 | D8: =VLOOKUP(C8,'[1]PREÇO ATUAL'!$A$1:$D$1048576,4,0) -> 143.23 | J8: 1 | O8: =$D8*E8 -> 0 | P8: =$D8*F8 -> 0 | Q8: =$D8*G8 -> 0 | R8: =$D8*H8 -> 0 | S8: =$D8*I8 -> 0 | T8: =$D8*J8 -> 143.23 | U8: =$D8*K8 -> 0 | V8: =$D8*L8 -> 0 | ... X8: =$D8*N8 -> 0 | Y8: =Z8/$Y$2 -> 0.014827122 | Z8: =SUM(O8:X8) -> 143.23
A9: 6 | B9: MOPAR BRAKE FLUID DOT 4 - A cada 2 anos | C9: K04549625LA_F | D9: =VLOOKUP(C9,'[1]PREÇO ATUAL'!$A$1:$D$1048576,4,0) -> 33.622493 | O9: =$D9*E9 -> 0 | P9: =$D9*F9 -> 0 | Q9: =$D9*G9 -> 0 | R9: =$D9*H9 -> 0 | S9: =$D9*I9 -> 0 | T9: =$D9*J9 -> 0 | U9: =$D9*K9 -> 0 | V9: =$D9*L9 -> 0 | ... X9: =$D9*N9 -> 0 | Y9: =Z9/$Y$2 -> 0 | Z9: =SUM(O9:X9) -> 0
A10: 7 | B10: MOPAR MAXPRO SYNTHETIC 0W20 (SP/GF-6A) | C10: K68218951LA_F | D10: =VLOOKUP(C10,'[1]PREÇO ATUAL'!$A$1:$D$1048576,4,0) -> 81.26 | E10: 3.36 | F10: 3.36 | G10: 3.36 | H10: 3.36 | I10: 3.36 | J10: 3.36 | K10: 3.36 | L10: 3.36 | M10: 3.36 | N10: 3.36 | O10: =$D10*E10 -> 273.0336 | P10: =$D10*F10 -> 273.0336 | Q10: =$D10*G10 -> 273.0336 | R10: =$D10*H10 -> 273.0336 | S10: =$D10*I10 -> 273.0336 | T10: =$D10*J10 -> 273.0336 | U10: =$D10*K10 -> 273.0336 | V10: =$D10*L10 -> 273.0336 | ... X10: =$D10*N10 -> 273.0336 | Y10: =Z10/$Y$2 -> 0.28264348 | Z10: =SUM(O10:X10) -> 2730.336
A11: 8 | B11: Tempo Padrão de Mão-De-Obra [horas] | C11: MO FIAT | D11: =VLOOKUP(C11,'[1]PREÇO ATUAL'!$A$1:$D$1048576,4,0) -> 342 | E11: 0.85 | F11: 1.1 | G11: 0.95 | H11: 1.4 | I11: 1 | J11: 1.8 | K11: 0.85 | L11: 1.4 | M11: 0.95 | N11: 1.25 | O11: =D11*E11 -> 290.7 | P11: =$D11*F11 -> 376.2 | Q11: =$D11*G11 -> 324.9 | R11: =$D11*H11 -> 478.8 | S11: =$D11*I11 -> 342 | T11: =$D11*J11 -> 615.6 | U11: =$D11*K11 -> 290.7 | V11: =$D11*L11 -> 478.8 | W11: =$D11*M11 -> 324.9 | X11: =$D11*N11 -> 427.5 | Y11: =Z11/$Y$2 -> 0.40891304 | Z11: =SUM(O11:X11) -> 3950.1

Sheet PALIO WEEKEND 1.4
A1: PALIO WEEKEND 1.4 | E1: PLANO DE MANUTENÇÃO | O1: CUSTOS DE MANUTENÇÃO [R$] | Y1: Total
O2: =MROUND(SUM(O4:O13),1) -> 600 | P2: =MROUND(SUM(P4:P13),1) -> 751 | Q2: =MROUND(SUM(Q4:Q13),1) -> 1090 | R2: =MROUND(SUM(R4:R13),1) -> 870 | S2: =MROUND(SUM(S4:S13),1) -> 635 | T2: =MROUND(SUM(T4:T13),1) -> 2244 | U2: =MROUND(SUM(U4:U13),1) -> 600 | V2: =MROUND(SUM(V4:V13),1) -> 870 | ... X2: =MROUND(SUM(X4:X13),1) -> 819 | Y2: =SUM(O2:X2) -> 9569
A3: Nº | B3: ITENS DE SUBSTITUIÇÃO OBRIGATÓRIA | C3: PN | D3: P. PUB. | E3: 1a | F3: 2a | G3: 3a | H3: 4a | I3: 5a | J3: 6a | K3: 7a | L3: 8a | M3: 9a | N3: 10a | O3: 10000 | P3: 20000 | Q3: 30000 | R3: 40000 | S3: 50000 | T3: 60000 | U3: 70000 | V3: 80000 | W3: 90000 | X3: 100000 | Y3: % 100 | Z3: TTL 100
A4: 1 | B4: VELA IGNICAO | C4: 46480362 | D4: =VLOOKUP(C4,'[1]PREÇO ATUAL'!$A$1:$D$1048576,4,0) -> 24.15 | G4: 4 | J4: 4 | M4: 4 | O4: =$D4*E4 -> 0 | P4: =$D4*F4 -> 0 | Q4: =$D4*G4 -> 96.6 | R4: =$D4*H4 -> 0 | S4: =$D4*I4 -> 0 | T4: =$D4*J4 -> 96.6 | U4: =$D4*K4 -> 0 | V4: =$D4*L4 -> 0 | ... X4: =$D4*N4 -> 0 | Y4: =Z4/$Y$2 -> 0.030285296 | Z4: =SUM(O4:X4) -> 289.8
A5: 2 | B5: FILTRO OLEO | C5: 46751179 | D5: =VLOOKUP(C5,'[1]PREÇO ATUAL'!$A$1:$D$1048576,4,0) -> 71.2 | E5: 1 | F5: 1 | G5: 1 | H5: 1 | I5: 1 | J5: 1 | K5: 1 | L5: 1 | M5: 1 | N5: 1 | O5: =$D5*E5 -> 71.2 | P5: =$D5*F5 -> 71.2 | Q5: =$D5*G5 -> 71.2 | R5: =$D5*H5 -> 71.2 | S5: =$D5*I5 -> 71.2 | T5: =$D5*J5 -> 71.2 | U5: =$D5*K5 -> 71.2 | V5: =$D5*L5 -> 71.2 | ... X5: =$D5*N5 -> 71.2 | Y5: =Z5/$Y$2 -> 0.074406939 | Z5: =SUM(O5:X5) -> 712
A6: 3 | B6: FILTRO COMBUSTIVEL | C6: 52162685 | D6: =VLOOKUP(C6,'[1]PREÇO ATUAL'!$A$1:$D$1048576,4,0) -> 35.9 | F6: 1 | H6: 1 | J6: 1 | L6: 1 | N6: 1 | O6: =$D6*E6 -> 0 | P6: =$D6*F6 -> 35.9 | Q6: =$D6*G6 -> 0 | R6: =$D6*H6 -> 35.9 | S6: =$D6*I6 -> 0 | T6: =$D6*J6 -> 35.9 | U6: =$D6*K6 -> 0 | V6: =$D6*L6 -> 35.9 | ... X6: =$D6*N6 -> 35.9 | Y6: =Z6/$Y$2 -> 0.018758491 | Z6: =SUM(O6:X6) -> 179.5
A7: 4 | B7: ELEMENTO FILTRANTE | C7: 7082141 | D7: =VLOOKUP(C7,'[1]PREÇO ATUAL'!$A$1:$D$1048576,4,0) -> 45.9 | F7: 1 | H7: 1 | J7: 1 | L7: 1 | N7: 1 | O7: =$D7*E7 -> 0 | P7: =$D7*F7 -> 45.9 | Q7: =$D7*G7 -> 0 | R7: =$D7*H7 -> 45.9 | S7: =$D7*I7 -> 0 | T7: =$D7*J7 -> 45.9 | U7: =$D7*K7 -> 0 | V7: =$D7*L7 -> 45.9 | ... X7: =$D7*N7 -> 45.9 | Y7: =Z7/$Y$2 -> 0.023983697 | Z7: =SUM(O7:X7) -> 229.5
A8: 5 | B8: CORREIA TRANSMISSAO C/ AC | C8: 55236185 | D8: =VLOOKUP(C8,'[1]PREÇO ATUAL'!$A$1:$D$1048576,4,0) -> 139.9 | J8: 1 | O8: =$D8*E8 -> 0 | P8: =$D8*F8 -> 0 | Q8: =$D8*G8 -> 0 | R8: =$D8*H8 -> 0 | S8: =$D8*I8 -> 0 | T8: =$D8*J8 -> 139.9 | U8: =$D8*K8 -> 0 | V8: =$D8*L8 -> 0 | ... X8: =$D8*N8 -> 0 | Y8: =Z8/$Y$2 -> 0.014620127 | Z8: =SUM(O8:X8) -> 139.9
A9: 6 | B9: CORREIA TRANSMISSAO DH | C9: 46744566 | D9: =VLOOKUP(C9,'[1]PREÇO ATUAL'!$A$1:$D$1048576,4,0) -> 25.55 | J9: 1 | O9: =$D9*E9 -> 0 | P9: =$D9*F9 -> 0 | Q9: =$D9*G9 -> 0 | R9: =$D9*H9 -> 0 | S9: =$D9*I9 -> 0 | T9: =$D9*J9 -> 25.55 | U9: =$D9*K9 -> 0 | V9: =$D9*L9 -> 0 | ... X9: =$D9*N9 -> 0 | Y9: =Z9/$Y$2 -> 0.0026700805 | Z9: =SUM(O9:X9) -> 25.55
A10: 7 | B10: CORREIA DISTRIBUICAO | C10: 46337687 | D10: =VLOOKUP(C10,'[1]PREÇO ATUAL'!$A$1:$D$1048576,4,0) -> 136.4 | J10: 1 | O10: =$D10*E10 -> 0 | P10: =$D10*F10 -> 0 | Q10: =$D10*G10 -> 0 | R10: =$D10*H10 -> 0 | S10: =$D10*I10 -> 0 | T10: =$D10*J10 -> 136.4 | U10: =$D10*K10 -> 0 | V10: =$D10*L10 -> 0 | ... X10: =$D10*N10 -> 0 | Y10: =Z10/$Y$2 -> 0.014254363 | Z10: =SUM(O10:X10) -> 136.4
A11: 8 | B11: MOPAR MAXPRO 5W30 (SN/GF-5) | C11: K68218921LA_F | D11: =VLOOKUP(C11,'[1]PREÇO ATUAL'!$A$1:$D$1048576,4,0) -> 75.7 | E11: 2.7 | F11: 2.7 | G11: 2.7 | H11: 2.7 | I11: 2.7 | J11: 2.7 | K11: 2.7 | L11: 2.7 | M11: 2.7 | N11: 2.7 | O11: =$D11*E11 -> 204.39 | P11: =$D11*F11 -> 204.39 | Q11: =$D11*G11 -> 204.39 | R11: =$D11*H11 -> 204.39 | S11: =$D11*I11 -> 204.39 | T11: =$D11*J11 -> 204.39 | U11: =$D11*K11 -> 204.39 | V11: =$D11*L11 -> 204.39 | ... X11: =$D11*N11 -> 204.39 | Y11: =Z11/$Y$2 -> 0.21359599 | Z11: =SUM(O11:X11) -> 2043.9
A12: 9 | B12: MOPAR BRAKE FLUID DOT 4 - A cada 2 anos | C12: K04549625LA_F | D12: =VLOOKUP(C12,'[1]PREÇO ATUAL'!$A$1:$D$1048576,4,0) -> 33.622493 | O12: =$D12*E12 -> 0 | P12: =$D12*F12 -> 0 | Q12: =$D12*G12 -> 0 | R12: =$D12*H12 -> 0 | S12: =$D12*I12 -> 0 | T12: =$D12*J12 -> 0 | U12: =$D12*K12 -> 0 | V12: =$D12*L12 -> 0 | ... X12: =$D12*N12 -> 0 | Y12: =Z12/$Y$2 -> 0 | Z12: =SUM(O12:X12) -> 0
A13: 10 | B13: Tempo Padrão de Mão-De-Obra [horas] | C13: MO FIAT | D13: =VLOOKUP(C13,'[1]PREÇO ATUAL'!$A$1:$D$1048576,4,0) -> 342 | E13: 0.95 | F13: 1.15 | G13: 2.1 | H13: 1.5 | I13: 1.05 | J13: 4.35 | K13: 0.95 | L13: 1.5 | M13: 2.1 | N13: 1.35 | O13: =D13*E13 -> 324.9 | P13: =$D13*F13 -> 393.3 | Q13: =$D13*G13 -> 718.2 | R13: =$D13*H13 -> 513 | S13: =$D13*I13 -> 359.1 | T13: =$D13*J13 -> 1487.7 | U13: =$D13*K13 -> 324.9 | V13: =$D13*L13 -> 513 | W13: =$D13*M13 -> 718.2 | X13: =$D13*N13 -> 461.7 | Y13: =Z13/$Y$2 -> 0.607587 | Z13: =SUM(O13:X13) -> 5814

Sheet PALIO WEEKEND 1.8
A1: PALIO WEEKEND 1.8 | E1: PLANO DE MANUTENÇÃO | O1: CUSTOS DE MANUTENÇÃO [R$] | Y1: Total
O2: =MROUND(SUM(O4:O11),1) -> 794 | P2: =MROUND(SUM(P4:P11),1) -> 989 | Q2: =MROUND(SUM(Q4:Q11),1) -> 1080 | R2: =MROUND(SUM(R4:R11),1) -> 1075 | S2: =MROUND(SUM(S4:S11),1) -> 812 | T2: =MROUND(SUM(T4:T11),1) -> 1847 | U2: =MROUND(SUM(U4:U11),1) -> 794 | V2: =MROUND(SUM(V4:V11),1) -> 1075 | ... X2: =MROUND(SUM(X4:X11),1) -> 1041 | Y2: =SUM(O2:X2) -> 10587
A3: Nº | B3: ITENS DE SUBSTITUIÇÃO OBRIGATÓRIA | C3: PN | D3: P. PUB. | E3: 1a | F3: 2a | G3: 3a | H3: 4a | I3: 5a | J3: 6a | K3: 7a | L3: 8a | M3: 9a | N3: 10a | O3: 10000 | P3: 20000 | Q3: 30000 | R3: 40000 | S3: 50000 | T3: 60000 | U3: 70000 | V3: 80000 | W3: 90000 | X3: 100000 | Y3: % 100 | Z3: TTL 100
A4: 1 | B4: VELA IGNICAO | C4: 55267121 | D4: =VLOOKUP(C4,'[1]PREÇO ATUAL'!$A$1:$D$1048576,4,0) -> 49.9 | G4: 4 | J4: 4 | M4: 4 | O4: =$D4*E4 -> 0 | P4: =$D4*F4 -> 0 | Q4: =$D4*G4 -> 199.6 | R4: =$D4*H4 -> 0 | S4: =$D4*I4 -> 0 | T4: =$D4*J4 -> 199.6 | U4: =$D4*K4 -> 0 | V4: =$D4*L4 -> 0 | ... X4: =$D4*N4 -> 0 | Y4: =Z4/$Y$2 -> 0.056559932 | Z4: =SUM(O4:X4) -> 598.8
A5: 2 | B5: FILTRO OLEO | C5: 7087808 | D5: =VLOOKUP(C5,'[1]PREÇO ATUAL'!$A$1:$D$1048576,4,0) -> 41.43 | E5: 1 | F5: 1 | G5: 1 | H5: 1 | I5: 1 | J5: 1 | K5: 1 | L5: 1 | M5: 1 | N5: 1 | O5: =$D5*E5 -> 41.43 | P5: =$D5*F5 -> 41.43 | Q5: =$D5*G5 -> 41.43 | R5: =$D5*H5 -> 41.43 | S5: =$D5*I5 -> 41.43 | T5: =$D5*J5 -> 41.43 | U5: =$D5*K5 -> 41.43 | V5: =$D5*L5 -> 41.43 | ... X5: =$D5*N5 -> 41.43 | Y5: =Z5/$Y$2 -> 0.039132899 | Z5: =SUM(O5:X5) -> 414.3
A6: 3 | B6: FILTRO COMBUSTIVEL | C6: 52162685 | D6: =VLOOKUP(C6,'[1]PREÇO ATUAL'!$A$1:$D$1048576,4,0) -> 35.9 | F6: 1 | H6: 1 | J6: 1 | L6: 1 | N6: 1 | O6: =$D6*E6 -> 0 | P6: =$D6*F6 -> 35.9 | Q6: =$D6*G6 -> 0 | R6: =$D6*H6 -> 35.9 | S6: =$D6*I6 -> 0 | T6: =$D6*J6 -> 35.9 | U6: =$D6*K6 -> 0 | V6: =$D6*L6 -> 35.9 | ... X6: =$D6*N6 -> 35.9 | Y6: =Z6/$Y$2 -> 0.016954756 | Z6: =SUM(O6:X6) -> 179.5
A7: 4 | B7: ELEMENTO FILTRANTE | C7: 51857956 | D7: =VLOOKUP(C7,'[1]PREÇO ATUAL'!$A$1:$D$1048576,4,0) -> 90.75 | F7: 1 | H7: 1 | J7: 1 | L7: 1 | N7: 1 | O7: =$D7*E7 -> 0 | P7: =$D7*F7 -> 90.75 | Q7: =$D7*G7 -> 0 | R7: =$D7*H7 -> 90.75 | S7: =$D7*I7 -> 0 | T7: =$D7*J7 -> 90.75 | U7: =$D7*K7 -> 0 | V7: =$D7*L7 -> 90.75 | ... X7: =$D7*N7 -> 90.75 | Y7: =Z7/$Y$2 -> 0.042859167 | Z7: =SUM(O7:X7) -> 453.75
A8: 5 | B8: CORREIA TRANSMISSAO C/ AC | C8: 55244798 | D8: =VLOOKUP(C8,'[1]PREÇO ATUAL'!$A$1:$D$1048576,4,0) -> 213.66 | J8: 1 | O8: =$D8*E8 -> 0 | P8: =$D8*F8 -> 0 | Q8: =$D8*G8 -> 0 | R8: =$D8*H8 -> 0 | S8: =$D8*I8 -> 0 | T8: =$D8*J8 -> 213.66 | U8: =$D8*K8 -> 0 | V8: =$D8*L8 -> 0 | ... X8: =$D8*N8 -> 0 | Y8: =Z8/$Y$2 -> 0.020181354 | Z8: =SUM(O8:X8) -> 213.66
A9: 6 | B9: MOPAR MAXPRO 5W30 (SN/GF-5) | C9: K68218921LA_F | D9: =VLOOKUP(C9,'[1]PREÇO ATUAL'!$A$1:$D$1048576,4,0) -> 75.7 | E9: 4.3 | F9: 4.3 | G9: 4.3 | H9: 4.3 | I9: 4.3 | J9: 4.3 | K9: 4.3 | L9: 4.3 | M9: 4.3 | N9: 4.3 | O9: =$D9*E9 -> 325.51 | P9: =$D9*F9 -> 325.51 | Q9: =$D9*G9 -> 325.51 | R9: =$D9*H9 -> 325.51 | S9: =$D9*I9 -> 325.51 | T9: =$D9*J9 -> 325.51 | U9: =$D9*K9 -> 325.51 | V9: =$D9*L9 -> 325.51 | ... X9: =$D9*N9 -> 325.51 | Y9: =Z9/$Y$2 -> 0.30746198 | Z9: =SUM(O9:X9) -> 3255.1
A10: 7 | B10: MOPAR BRAKE FLUID DOT 4 - A cada 2 anos | C10: K04549625LA_F | D10: =VLOOKUP(C10,'[1]PREÇO ATUAL'!$A$1:$D$1048576,4,0) -> 33.622493 | O10: =$D10*E10 -> 0 | P10: =$D10*F10 -> 0 | Q10: =$D10*G10 -> 0 | R10: =$D10*H10 -> 0 | S10: =$D10*I10 -> 0 | T10: =$D10*J10 -> 0 | U10: =$D10*K10 -> 0 | V10: =$D10*L10 -> 0 | ... X10: =$D10*N10 -> 0 | Y10: =Z10/$Y$2 -> 0 | Z10: =SUM(O10:X10) -> 0
A11: 8 | B11: Tempo Padrão de Mão-De-Obra [horas] | C11: MO FIAT | D11: =VLOOKUP(C11,'[1]PREÇO ATUAL'!$A$1:$D$1048576,4,0) -> 342 | E11: 1.25 | F11: 1.45 | G11: 1.5 | H11: 1.7 | I11: 1.3 | J11: 2.75 | K11: 1.25 | L11: 1.7 | M11: 1.5 | N11: 1.6 | O11: =D11*E11 -> 427.5 | P11: =$D11*F11 -> 495.9 | Q11: =$D11*G11 -> 513 | R11: =$D11*H11 -> 581.4 | S11: =$D11*I11 -> 444.6 | T11: =$D11*J11 -> 940.5 | U11: =$D11*K11 -> 427.5 | V11: =$D11*L11 -> 581.4 | W11: =$D11*M11 -> 513 | X11: =$D11*N11 -> 547.2 | Y11: =Z11/$Y$2 -> 0.5168603 | Z11: =SUM(O11:X11) -> 5472

Sheet GRAND SIENA 1.0
A1: GRAND SIENA 1.0 | E1: PLANO DE MANUTENÇÃO | O1: CUSTOS DE MANUTENÇÃO [R$] | Y1: Total
O2: =MROUND(SUM(O4:O12),1) -> 600 | P2: =MROUND(SUM(P4:P12),1) -> 788 | Q2: =MROUND(SUM(Q4:Q12),1) -> 1193 | R2: =MROUND(SUM(R4:R12),1) -> 908 | S2: =MROUND(SUM(S4:S12),1) -> 652 | T2: =MROUND(SUM(T4:T12),1) -> 2380 | U2: =MROUND(SUM(U4:U12),1) -> 600 | V2: =MROUND(SUM(V4:V12),1) -> 908 | ... X2: =MROUND(SUM(X4:X12),1) -> 856 | Y2: =SUM(O2:X2) -> 10078
A3: Nº | B3: ITENS DE SUBSTITUIÇÃO OBRIGATÓRIA | C3: PN | D3: P. PUB. | E3: 1a | F3: 2a | G3: 3a | H3: 4a | I3: 5a | J3: 6a | K3: 7a | L3: 8a | M3: 9a | N3: 10a | O3: 10000 | P3: 20000 | Q3: 30000 | R3: 40000 | S3: 50000 | T3: 60000 | U3: 70000 | V3: 80000 | W3: 90000 | X3: 100000 | Y3: % 100 | Z3: TTL 100
A4: 1 | B4: Elemento Filtrante do Óleo | C4: 46751179 | D4: =VLOOKUP(C4,'[1]PREÇO ATUAL'!$A$1:$D$1048576,4,0) -> 71.2 | E4: 1 | F4: 1 | G4: 1 | H4: 1 | I4: 1 | J4: 1 | K4: 1 | L4: 1 | M4: 1 | N4: 1 | O4: =$D4*E4 -> 71.2 | P4: =$D4*F4 -> 71.2 | Q4: =$D4*G4 -> 71.2 | R4: =$D4*H4 -> 71.2 | S4: =$D4*I4 -> 71.2 | T4: =$D4*J4 -> 71.2 | U4: =$D4*K4 -> 71.2 | V4: =$D4*L4 -> 71.2 | ... X4: =$D4*N4 -> 71.2 | Y4: =Z4/$Y$2 -> 0.070648938 | Z4: =SUM(O4:X4) -> 712
A5: 2 | B5: Filtro de Combustível | C5: 52162685 | D5: =VLOOKUP(C5,'[1]PREÇO ATUAL'!$A$1:$D$1048576,4,0) -> 35.9 | F5: 1 | H5: 1 | J5: 1 | L5: 1 | N5: 1 | O5: =$D5*E5 -> 0 | P5: =$D5*F5 -> 35.9 | Q5: =$D5*G5 -> 0 | R5: =$D5*H5 -> 35.9 | S5: =$D5*I5 -> 0 | T5: =$D5*J5 -> 35.9 | U5: =$D5*K5 -> 0 | V5: =$D5*L5 -> 35.9 | ... X5: =$D5*N5 -> 35.9 | Y5: =Z5/$Y$2 -> 0.017811074 | Z5: =SUM(O5:X5) -> 179.5
A6: 3 | B6: Elemento Filtrante do Ar | C6: 51854598 | D6: =VLOOKUP(C6,'[1]PREÇO ATUAL'!$A$1:$D$1048576,4,0) -> 83.06 | F6: 1 | H6: 1 | J6: 1 | L6: 1 | N6: 1 | O6: =$D6*E6 -> 0 | P6: =$D6*F6 -> 83.06 | Q6: =$D6*G6 -> 0 | R6: =$D6*H6 -> 83.06 | S6: =$D6*I6 -> 0 | T6: =$D6*J6 -> 83.06 | U6: =$D6*K6 -> 0 | V6: =$D6*L6 -> 83.06 | ... X6: =$D6*N6 -> 83.06 | Y6: =Z6/$Y$2 -> 0.041208573 | Z6: =SUM(O6:X6) -> 415.3
A7: 4 | B7: Vela Ignição | C7: 55267121 | D7: =VLOOKUP(C7,'[1]PREÇO ATUAL'!$A$1:$D$1048576,4,0) -> 49.9 | G7: 4 | J7: 4 | M7: 4 | O7: =$D7*E7 -> 0 | P7: =$D7*F7 -> 0 | Q7: =$D7*G7 -> 199.6 | R7: =$D7*H7 -> 0 | S7: =$D7*I7 -> 0 | T7: =$D7*J7 -> 199.6 | U7: =$D7*K7 -> 0 | V7: =$D7*L7 -> 0 | ... X7: =$D7*N7 -> 0 | Y7: =Z7/$Y$2 -> 0.059416551 | Z7: =SUM(O7:X7) -> 598.8
A8: 5 | B8: Correia Árvore Motor/Alternador/Compressor | C8: 55258482 | D8: =VLOOKUP(C8,'[1]PREÇO ATUAL'!$A$1:$D$1048576,4,0) -> 110.87 | J8: 1 | O8: =$D8*E8 -> 0 | P8: =$D8*F8 -> 0 | Q8: =$D8*G8 -> 0 | R8: =$D8*H8 -> 0 | S8: =$D8*I8 -> 0 | T8: =$D8*J8 -> 110.87 | U8: =$D8*K8 -> 0 | V8: =$D8*L8 -> 0 | ... X8: =$D8*N8 -> 0 | Y8: =Z8/$Y$2 -> 0.011001191 | Z8: =SUM(O8:X8) -> 110.87
A9: 6 | B9: CORREIA DISTRIBUIÇÃO | C9: 46337687 | D9: =VLOOKUP(C9,'[1]PREÇO ATUAL'!$A$1:$D$1048576,4,0) -> 136.4 | J9: 1 | O9: =$D9*E9 -> 0 | P9: =$D9*F9 -> 0 | Q9: =$D9*G9 -> 0 | R9: =$D9*H9 -> 0 | S9: =$D9*I9 -> 0 | T9: =$D9*J9 -> 136.4 | U9: =$D9*K9 -> 0 | V9: =$D9*L9 -> 0 | ... X9: =$D9*N9 -> 0 | Y9: =Z9/$Y$2 -> 0.013534431 | Z9: =SUM(O9:X9) -> 136.4
A10: 7 | B10: MOPAR MAXPRO 5W30 (SN/GF-5) | C10: K68218921LA_F | D10: =VLOOKUP(C10,'[1]PREÇO ATUAL'!$A$1:$D$1048576,4,0) -> 75.7 | E10: 2.7 | F10: 2.7 | G10: 2.7 | H10: 2.7 | I10: 2.7 | J10: 2.7 | K10: 2.7 | L10: 2.7 | M10: 2.7 | N10: 2.7 | O10: =$D10*E10 -> 204.39 | P10: =$D10*F10 -> 204.39 | Q10: =$D10*G10 -> 204.39 | R10: =$D10*H10 -> 204.39 | S10: =$D10*I10 -> 204.39 | T10: =$D10*J10 -> 204.39 | U10: =$D10*K10 -> 204.39 | V10: =$D10*L10 -> 204.39 | ... X10: =$D10*N10 -> 204.39 | Y10: =Z10/$Y$2 -> 0.2028081 | Z10: =SUM(O10:X10) -> 2043.9
A11: 8 | B11: MOPAR BRAKE FLUID DOT 4 - A cada 2 anos | C11: K04549625LA_F | D11: =VLOOKUP(C11,'[1]PREÇO ATUAL'!$A$1:$D$1048576,4,0) -> 33.622493 | O11: =$D11*E11 -> 0 | P11: =$D11*F11 -> 0 | Q11: =$D11*G11 -> 0 | R11: =$D11*H11 -> 0 | S11: =$D11*I11 -> 0 | T11: =$D11*J11 -> 0 | U11: =$D11*K11 -> 0 | V11: =$D11*L11 -> 0 | ... X11: =$D11*N11 -> 0 | Y11: =Z11/$Y$2 -> 0 | Z11: =SUM(O11:X11) -> 0
A12: 9 | B12: Tempo Padrão de Mão-De-Obra [horas] | C12: MO FIAT | D12: =VLOOKUP(C12,'[1]PREÇO ATUAL'!$A$1:$D$1048576,4,0) -> 342 | E12: 0.95 | F12: 1.15 | G12: 2.1 | H12: 1.5 | I12: 1.1 | J12: 4.5 | K12: 0.95 | L12: 1.5 | M12: 2.1 | N12: 1.35 | O12: =D12*E12 -> 324.9 | P12: =$D12*F12 -> 393.3 | Q12: =$D12*G12 -> 718.2 | R12: =$D12*H12 -> 513 | S12: =$D12*I12 -> 376.2 | T12: =$D12*J12 -> 1539 | U12: =$D12*K12 -> 324.9 | V12: =$D12*L12 -> 513 | W12: =$D12*M12 -> 718.2 | X12: =$D12*N12 -> 461.7 | Y12: =Z12/$Y$2 -> 0.58368724 | Z12: =SUM(O12:X12) -> 5882.4

Sheet GRAND SIENA 1.4
A1: GRAND SIENA 1.4 | E1: PLANO DE MANUTENÇÃO | O1: CUSTOS DE MANUTENÇÃO [R$] | Y1: Total
O2: =MROUND(SUM(O4:O12),1) -> 600 | P2: =MROUND(SUM(P4:P12),1) -> 788 | Q2: =MROUND(SUM(Q4:Q12),1) -> 1161 | R2: =MROUND(SUM(R4:R12),1) -> 908 | S2: =MROUND(SUM(S4:S12),1) -> 652 | T2: =MROUND(SUM(T4:T12),1) -> 2377 | U2: =MROUND(SUM(U4:U12),1) -> 600 | V2: =MROUND(SUM(V4:V12),1) -> 908 | ... X2: =MROUND(SUM(X4:X12),1) -> 856 | Y2: =SUM(O2:X2) -> 10011
A3: Nº | B3: ITENS DE SUBSTITUIÇÃO OBRIGATÓRIA | C3: PN | D3: P. PUB. | E3: 1a | F3: 2a | G3: 3a | H3: 4a | I3: 5a | J3: 6a | K3: 7a | L3: 8a | M3: 9a | N3: 10a | O3: 10000 | P3: 20000 | Q3: 30000 | R3: 40000 | S3: 50000 | T3: 60000 | U3: 70000 | V3: 80000 | W3: 90000 | X3: 100000 | Y3: % 100 | Z3: TTL 100
A4: 1 | B4: VELA IGNICAO | C4: 55226520 | D4: =VLOOKUP(C4,'[1]PREÇO ATUAL'!$A$1:$D$1048576,4,0) -> 41.9 | G4: 4 | J4: 4 | M4: 4 | O4: =$D4*E4 -> 0 | P4: =$D4*F4 -> 0 | Q4: =$D4*G4 -> 167.6 | R4: =$D4*H4 -> 0 | S4: =$D4*I4 -> 0 | T4: =$D4*J4 -> 167.6 | U4: =$D4*K4 -> 0 | V4: =$D4*L4 -> 0 | ... X4: =$D4*N4 -> 0 | Y4: =Z4/$Y$2 -> 0.050224753 | Z4: =SUM(O4:X4) -> 502.8
A5: 2 | B5: FILTRO OLEO | C5: 46751179 | D5: =VLOOKUP(C5,'[1]PREÇO ATUAL'!$A$1:$D$1048576,4,0) -> 71.2 | E5: 1 | F5: 1 | G5: 1 | H5: 1 | I5: 1 | J5: 1 | K5: 1 | L5: 1 | M5: 1 | N5: 1 | O5: =$D5*E5 -> 71.2 | P5: =$D5*F5 -> 71.2 | Q5: =$D5*G5 -> 71.2 | R5: =$D5*H5 -> 71.2 | S5: =$D5*I5 -> 71.2 | T5: =$D5*J5 -> 71.2 | U5: =$D5*K5 -> 71.2 | V5: =$D5*L5 -> 71.2 | ... X5: =$D5*N5 -> 71.2 | Y5: =Z5/$Y$2 -> 0.071121766 | Z5: =SUM(O5:X5) -> 712
A6: 3 | B6: FILTRO COMBUSTIVEL | C6: 52162685 | D6: =VLOOKUP(C6,'[1]PREÇO ATUAL'!$A$1:$D$1048576,4,0) -> 35.9 | F6: 1 | H6: 1 | J6: 1 | L6: 1 | N6: 1 | O6: =$D6*E6 -> 0 | P6: =$D6*F6 -> 35.9 | Q6: =$D6*G6 -> 0 | R6: =$D6*H6 -> 35.9 | S6: =$D6*I6 -> 0 | T6: =$D6*J6 -> 35.9 | U6: =$D6*K6 -> 0 | V6: =$D6*L6 -> 35.9 | ... X6: =$D6*N6 -> 35.9 | Y6: =Z6/$Y$2 -> 0.017930277 | Z6: =SUM(O6:X6) -> 179.5
A7: 4 | B7: ELEMENTO FILTRANTE | C7: 51854598 | D7: =VLOOKUP(C7,'[1]PREÇO ATUAL'!$A$1:$D$1048576,4,0) -> 83.06 | F7: 1 | H7: 1 | J7: 1 | L7: 1 | N7: 1 | O7: =$D7*E7 -> 0 | P7: =$D7*F7 -> 83.06 | Q7: =$D7*G7 -> 0 | R7: =$D7*H7 -> 83.06 | S7: =$D7*I7 -> 0 | T7: =$D7*J7 -> 83.06 | U7: =$D7*K7 -> 0 | V7: =$D7*L7 -> 83.06 | ... X7: =$D7*N7 -> 83.06 | Y7: =Z7/$Y$2 -> 0.041484367 | Z7: =SUM(O7:X7) -> 415.3
A8: 5 | B8: CORREIA TRANSMISSAO C/ AC | C8: 55236185 | D8: =VLOOKUP(C8,'[1]PREÇO ATUAL'!$A$1:$D$1048576,4,0) -> 139.9 | J8: 1 | O8: =$D8*E8 -> 0 | P8: =$D8*F8 -> 0 | Q8: =$D8*G8 -> 0 | R8: =$D8*H8 -> 0 | S8: =$D8*I8 -> 0 | T8: =$D8*J8 -> 139.9 | U8: =$D8*K8 -> 0 | V8: =$D8*L8 -> 0 | ... X8: =$D8*N8 -> 0 | Y8: =Z8/$Y$2 -> 0.013974628 | Z8: =SUM(O8:X8) -> 139.9
A9: 6 | B9: CORREIA DISTRIBUICAO | C9: 46337687 | D9: =VLOOKUP(C9,'[1]PREÇO ATUAL'!$A$1:$D$1048576,4,0) -> 136.4 | J9: 1 | O9: =$D9*E9 -> 0 | P9: =$D9*F9 -> 0 | Q9: =$D9*G9 -> 0 | R9: =$D9*H9 -> 0 | S9: =$D9*I9 -> 0 | T9: =$D9*J9 -> 136.4 | U9: =$D9*K9 -> 0 | V9: =$D9*L9 -> 0 | ... X9: =$D9*N9 -> 0 | Y9: =Z9/$Y$2 -> 0.013625012 | Z9: =SUM(O9:X9) -> 136.4
A10: 7 | B10: MOPAR MAXPRO 5W30 (SN/GF-5) | C10: K68218921LA_F | D10: =VLOOKUP(C10,'[1]PREÇO ATUAL'!$A$1:$D$1048576,4,0) -> 75.7 | E10: 2.7 | F10: 2.7 | G10: 2.7 | H10: 2.7 | I10: 2.7 | J10: 2.7 | K10: 2.7 | L10: 2.7 | M10: 2.7 | N10: 2.7 | O10: =$D10*E10 -> 204.39 | P10: =$D10*F10 -> 204.39 | Q10: =$D10*G10 -> 204.39 | R10: =$D10*H10 -> 204.39 | S10: =$D10*I10 -> 204.39 | T10: =$D10*J10 -> 204.39 | U10: =$D10*K10 -> 204.39 | V10: =$D10*L10 -> 204.39 | ... X10: =$D10*N10 -> 204.39 | Y10: =Z10/$Y$2 -> 0.20416542 | Z10: =SUM(O10:X10) -> 2043.9
A11: 8 | B11: MOPAR BRAKE FLUID DOT 4 - A cada 2 anos | C11: K04549625LA_F | D11: =VLOOKUP(C11,'[1]PREÇO ATUAL'!$A$1:$D$1048576,4,0) -> 33.622493 | O11: =$D11*E11 -> 0 | P11: =$D11*F11 -> 0 | Q11: =$D11*G11 -> 0 | R11: =$D11*H11 -> 0 | S11: =$D11*I11 -> 0 | T11: =$D11*J11 -> 0 | U11: =$D11*K11 -> 0 | V11: =$D11*L11 -> 0 | ... X11: =$D11*N11 -> 0 | Y11: =Z11/$Y$2 -> 0 | Z11: =SUM(O11:X11) -> 0
A12: 9 | B12: Tempo Padrão de Mão-De-Obra [horas] | C12: MO FIAT | D12: =VLOOKUP(C12,'[1]PREÇO ATUAL'!$A$1:$D$1048576,4,0) -> 342 | E12: 0.95 | F12: 1.15 | G12: 2.1 | H12: 1.5 | I12: 1.1 | J12: 4.5 | K12: 0.95 | L12: 1.5 | M12: 2.1 | N12: 1.35 | O12: =D12*E12 -> 324.9 | P12: =$D12*F12 -> 393.3 | Q12: =$D12*G12 -> 718.2 | R12: =$D12*H12 -> 513 | S12: =$D12*I12 -> 376.2 | T12: =$D12*J12 -> 1539 | U12: =$D12*K12 -> 324.9 | V12: =$D12*L12 -> 513 | W12: =$D12*M12 -> 718.2 | X12: =$D12*N12 -> 461.7 | Y12: =Z12/$Y$2 -> 0.58759365 | Z12: =SUM(O12:X12) -> 5882.4

Sheet NOVA STRADA 1.0T
A1: NOVA STRADA 1.0T | E1: PLANO DE MANUTENÇÃO | T1: CUSTOS DE MANUTENÇÃO [R$] | AI1: Total
T2: =MROUND(SUM(T4:T11),1) -> 746 | U2: =MROUND(SUM(U4:U11),1) -> 764 | V2: =MROUND(SUM(V4:V11),1) -> 927 | W2: =MROUND(SUM(W4:W11),1) -> 764 | X2: =MROUND(SUM(X4:X11),1) -> 781 | Y2: =MROUND(SUM(Y4:Y11),1) -> 1460 | Z2: =MROUND(SUM(Z4:Z11),1) -> 746 | AA2: =MROUND(SUM(AA4:AA11),1) -> 764 | ... AH2: =MROUND(SUM(AH4:AH11),1) -> 961 | AI2: =SUM(T2:AH2) -> 13789
A3: Nº | B3: ITENS DE SUBSTITUIÇÃO OBRIGATÓRIA | C3: PN | D3: P. PUB. | E3: 1a | F3: 2a | G3: 3a | H3: 4a | I3: 5a | J3: 6a | K3: 7a | L3: 8a | M3: 9a | N3: 10a | O3: 11 | P3: 12 | Q3: 13 | R3: 14 | S3: 15 | T3: 10000 | U3: 20000 | V3: 30000 | W3: 40000 | X3: 50000 | Y3: 60000 | Z3: 70000 | AA3: 80000 | AB3: 90000 | AC3: 100000 | AD3: =AC3+10000 -> 110000 | AE3: =AD3+10000 -> 120000 | AF3: =AE3+10000 -> 130000 | AG3: =AF3+10000 -> 140000 | AH3: =AG3+10000 -> 150000 | AI3: =SUM(AI4:AI11) -> 0.99985613 | AJ3: TTL 100
A4: 1 | B4: Filtro de Óleo do Motor | C4: 46347605 | D4: =VLOOKUP(C4,'[1]PREÇO ATUAL'!$A$1:$D$1048576,4,0) -> 112.46 | E4: 1 | F4: 1 | G4: 1 | H4: 1 | I4: 1 | J4: 1 | K4: 1 | L4: 1 | M4: 1 | N4: 1 | O4: 1 | P4: 1 | Q4: 1 | R4: 1 | S4: 1 | T4: =$D4*E4 -> 112.46 | U4: =$D4*F4 -> 112.46 | V4: =$D4*G4 -> 112.46 | W4: =$D4*H4 -> 112.46 | X4: =$D4*I4 -> 112.46 | Y4: =$D4*J4 -> 112.46 | Z4: =$D4*K4 -> 112.46 | AA4: =$D4*L4 -> 112.46 | ... AH4: =$D4*S4 -> 112.46 | AI4: =AJ4/$AI$2 -> 0.12233665 | AJ4: =SUM(T4:AH4) -> 1686.9
A5: 2 | B5: Filtro de Combustível | C5: 53489525 | D5: =VLOOKUP(C5,'[1]PREÇO ATUAL'!$A$1:$D$1048576,4,0) -> 35.9 | E5: 1 | F5: 1 | G5: 1 | H5: 1 | I5: 1 | J5: 1 | K5: 1 | L5: 1 | M5: 1 | N5: 1 | O5: 1 | P5: 1 | Q5: 1 | R5: 1 | S5: 1 | T5: =$D5*E5 -> 35.9 | U5: =$D5*F5 -> 35.9 | V5: =$D5*G5 -> 35.9 | W5: =$D5*H5 -> 35.9 | X5: =$D5*I5 -> 35.9 | Y5: =$D5*J5 -> 35.9 | Z5: =$D5*K5 -> 35.9 | AA5: =$D5*L5 -> 35.9 | ... AH5: =$D5*S5 -> 35.9 | AI5: =AJ5/$AI$2 -> 0.039052868 | AJ5: =SUM(T5:AH5) -> 538.5
A6: 3 | B6: Filtro de Ar | C6: 52079874 | D6: =VLOOKUP(C6,'[1]PREÇO ATUAL'!$A$1:$D$1048576,4,0) -> 180.21 | G6: 1 | J6: 1 | M6: 1 | P6: 1 | S6: 1 | T6: =$D6*E6 -> 0 | U6: =$D6*F6 -> 0 | V6: =$D6*G6 -> 180.21 | W6: =$D6*H6 -> 0 | X6: =$D6*I6 -> 0 | Y6: =$D6*J6 -> 180.21 | Z6: =$D6*K6 -> 0 | AA6: =$D6*L6 -> 0 | ... AH6: =$D6*S6 -> 180.21 | AI6: =AJ6/$AI$2 -> 0.065345565 | AJ6: =SUM(T6:AH6) -> 901.05
A7: 4 | B7: Velas de Ignição | C7: 46336161 | D7: =VLOOKUP(C7,'[1]PREÇO ATUAL'!$A$1:$D$1048576,4,0) -> 155.01 | J7: 3 | P7: 3 | T7: =$D7*E7 -> 0 | U7: =$D7*F7 -> 0 | V7: =$D7*G7 -> 0 | W7: =$D7*H7 -> 0 | X7: =$D7*I7 -> 0 | Y7: =$D7*J7 -> 465.03 | Z7: =$D7*K7 -> 0 | AA7: =$D7*L7 -> 0 | ... AH7: =$D7*S7 -> 0 | AI7: =AJ7/$AI$2 -> 0.067449416 | AJ7: =SUM(T7:AH7) -> 930.06
A8: 5 | B8: Substituição do óleo da caixa de cambio mecanica | C8: 7095576 | D8: =VLOOKUP(C8,'[1]PREÇO ATUAL'!$A$1:$D$1048576,4,0) -> 165.97812 | P8: 2 | T8: =$D8*E8 -> 0 | U8: =$D8*F8 -> 0 | V8: =$D8*G8 -> 0 | W8: =$D8*H8 -> 0 | X8: =$D8*I8 -> 0 | Y8: =$D8*J8 -> 0 | Z8: =$D8*K8 -> 0 | AA8: =$D8*L8 -> 0 | ... AH8: =$D8*S8 -> 0 | AI8: =AJ8/$AI$2 -> 0.024073989 | AJ8: =SUM(T8:AH8) -> 331.95624
A9: 6 | B9: MOPAR BRAKE FLUID DOT 4 - A cada 2 anos | C9: K04549625LA_F | D9: =VLOOKUP(C9,'[1]PREÇO ATUAL'!$A$1:$D$1048576,4,0) -> 33.622493 | T9: =$D9*E9 -> 0 | U9: =$D9*F9 -> 0 | V9: =$D9*G9 -> 0 | W9: =$D9*H9 -> 0 | X9: =$D9*I9 -> 0 | Y9: =$D9*J9 -> 0 | Z9: =$D9*K9 -> 0 | AA9: =$D9*L9 -> 0 | ... AH9: =$D9*S9 -> 0 | AI9: =AJ9/$AI$2 -> 0 | AJ9: =SUM(T9:AH9) -> 0
A10: 7 | B10: MOPAR MAXPRO SYNTHETIC 0W30 | C10: K68444160LA_F | D10: =VLOOKUP(C10,'[1]PREÇO ATUAL'!$A$1:$D$1048576,4,0) -> 87.82 | E10: 3.5 | F10: 3.5 | G10: 3.5 | H10: 3.5 | I10: 3.5 | J10: 3.5 | K10: 3.5 | L10: 3.5 | M10: 3.5 | N10: 3.5 | O10: 3.5 | P10: 3.5 | Q10: 3.5 | R10: 3.5 | S10: 3.5 | T10: =$D10*E10 -> 307.37 | U10: =$D10*F10 -> 307.37 | V10: =$D10*G10 -> 307.37 | W10: =$D10*H10 -> 307.37 | X10: =$D10*I10 -> 307.37 | Y10: =$D10*J10 -> 307.37 | Z10: =$D10*K10 -> 307.37 | AA10: =$D10*L10 -> 307.37 | ... AH10: =$D10*S10 -> 307.37 | AI10: =AJ10/$AI$2 -> 0.33436435 | AJ10: =SUM(T10:AH10) -> 4610.55
A11: 8 | B11: Tempo Padrão de Mão-De-Obra [horas] | C11: MO FIAT | D11: =VLOOKUP(C11,'[1]PREÇO ATUAL'!$A$1:$D$1048576,4,0) -> 342 | E11: 0.85 | F11: 0.9 | G11: 0.85 | H11: 0.9 | I11: 0.95 | J11: 1.05 | K11: 0.85 | L11: 0.9 | M11: 0.85 | N11: 1 | O11: 0.85 | P11: 1.35 | Q11: 0.85 | R11: 0.9 | S11: 0.95 | T11: =D11*E11 -> 290.7 | U11: =$D11*F11 -> 307.8 | V11: =$D11*G11 -> 290.7 | W11: =$D11*H11 -> 307.8 | X11: =$D11*I11 -> 324.9 | Y11: =$D11*J11 -> 359.1 | Z11: =$D11*K11 -> 290.7 | AA11: =$D11*L11 -> 307.8 | AB11: =$D11*M11 -> 290.7 | ... AH11: =$D11*S11 -> 324.9 | AI11: =AJ11/$AI$2 -> 0.3472333 | AJ11: =SUM(T11:AH11) -> 4788

Sheet NOVA STRADA 1.3
A1: NOVA STRADA 1.3 AT | E1: PLANO DE MANUTENÇÃO | T1: CUSTOS DE MANUTENÇÃO [R$] | AI1: Total
T2: =MROUND(SUM(T4:T11),1) -> 627 | U2: =MROUND(SUM(U4:U11),1) -> 821 | V2: =MROUND(SUM(V4:V11),1) -> 644 | W2: =MROUND(SUM(W4:W11),1) -> 1644 | X2: =MROUND(SUM(X4:X11),1) -> 678 | Y2: =MROUND(SUM(Y4:Y11),1) -> 998 | Z2: =MROUND(SUM(Z4:Z11),1) -> 627 | AA2: =MROUND(SUM(AA4:AA11),1) -> 1644 | ... AH2: =MROUND(SUM(AH4:AH11),1) -> 695 | AI2: =SUM(T2:AH2) -> 13859
A3: ] | B3: ITENS DE SUBSTITUIÇÃO OBRIGATÓRIA | C3: PN | D3: P. PUB. | E3: 1a | F3: 2a | G3: 3a | H3: 4a | I3: 5a | J3: 6a | K3: 7a | L3: 8a | M3: 9a | N3: 10a | O3: 11 | P3: 12 | Q3: 13 | R3: 14 | S3: 15 | T3: 10000 | U3: 20000 | V3: 30000 | W3: 40000 | X3: 50000 | Y3: 60000 | Z3: 70000 | AA3: 80000 | AB3: 90000 | AC3: 100000 | AD3: =AC3+10000 -> 110000 | AE3: =AD3+10000 -> 120000 | AF3: =AE3+10000 -> 130000 | AG3: =AF3+10000 -> 140000 | AH3: =AG3+10000 -> 150000 | AI3: =SUM(AI4:AI11) -> 0.99976651 | AJ3: TTL 100
A4: 1 | B4: Filtro de Óleo do Motor | C4: 7094709 | D4: =VLOOKUP(C4,'[1]PREÇO ATUAL'!$A$1:$D$1048576,4,0) -> 79.9 | E4: 1 | F4: 1 | G4: 1 | H4: 1 | I4: 1 | J4: 1 | K4: 1 | L4: 1 | M4: 1 | N4: 1 | O4: 1 | P4: 1 | Q4: 1 | R4: 1 | S4: 1 | T4: =$D4*E4 -> 79.9 | U4: =$D4*F4 -> 79.9 | V4: =$D4*G4 -> 79.9 | W4: =$D4*H4 -> 79.9 | X4: =$D4*I4 -> 79.9 | Y4: =$D4*J4 -> 79.9 | Z4: =$D4*K4 -> 79.9 | AA4: =$D4*L4 -> 79.9 | ... AH4: =$D4*S4 -> 79.9 | AI4: =AJ4/$AI$2 -> 0.086478101 | AJ4: =SUM(T4:AH4) -> 1198.5
A5: 2 | B5: Filtro de Combustível | C5: 52162685 | D5: =VLOOKUP(C5,'[1]PREÇO ATUAL'!$A$1:$D$1048576,4,0) -> 35.9 | F5: 1 | H5: 1 | J5: 1 | L5: 1 | N5: 1 | P5: 1 | R5: 1 | T5: =$D5*E5 -> 0 | U5: =$D5*F5 -> 35.9 | V5: =$D5*G5 -> 0 | W5: =$D5*H5 -> 35.9 | X5: =$D5*I5 -> 0 | Y5: =$D5*J5 -> 35.9 | Z5: =$D5*K5 -> 0 | AA5: =$D5*L5 -> 35.9 | ... AH5: =$D5*S5 -> 0 | AI5: =AJ5/$AI$2 -> 0.018132621 | AJ5: =SUM(T5:AH5) -> 251.3
A6: 3 | B6: Filtro de Ar | C6: 52046268 | D6: =VLOOKUP(C6,'[1]PREÇO ATUAL'!$A$1:$D$1048576,4,0) -> 89.9 | F6: 1 | H6: 1 | J6: 1 | L6: 1 | N6: 1 | P6: 1 | R6: 1 | T6: =$D6*E6 -> 0 | U6: =$D6*F6 -> 89.9 | V6: =$D6*G6 -> 0 | W6: =$D6*H6 -> 89.9 | X6: =$D6*I6 -> 0 | Y6: =$D6*J6 -> 89.9 | Z6: =$D6*K6 -> 0 | AA6: =$D6*L6 -> 89.9 | ... AH6: =$D6*S6 -> 0 | AI6: =AJ6/$AI$2 -> 0.045407317 | AJ6: =SUM(T6:AH6) -> 629.3
A7: 4 | B7: Velas de Ignição | C7: 55267995 | D7: =VLOOKUP(C7,'[1]PREÇO ATUAL'!$A$1:$D$1048576,4,0) -> 175.9 | H7: 4 | L7: 4 | P7: 4 | T7: =$D7*E7 -> 0 | U7: =$D7*F7 -> 0 | V7: =$D7*G7 -> 0 | W7: =$D7*H7 -> 703.6 | X7: =$D7*I7 -> 0 | Y7: =$D7*J7 -> 0 | Z7: =$D7*K7 -> 0 | AA7: =$D7*L7 -> 703.6 | ... AH7: =$D7*S7 -> 0 | AI7: =AJ7/$AI$2 -> 0.15230536 | AJ7: =SUM(T7:AH7) -> 2110.8
A8: 5 | B8: Correia dos Órgãos Auxiliares | C8: 55267966 | D8: =VLOOKUP(C8,'[1]PREÇO ATUAL'!$A$1:$D$1048576,4,0) -> 143.23 | J8: 1 | P8: 1 | T8: =$D8*E8 -> 0 | U8: =$D8*F8 -> 0 | V8: =$D8*G8 -> 0 | W8: =$D8*H8 -> 0 | X8: =$D8*I8 -> 0 | Y8: =$D8*J8 -> 143.23 | Z8: =$D8*K8 -> 0 | AA8: =$D8*L8 -> 0 | ... AH8: =$D8*S8 -> 0 | AI8: =AJ8/$AI$2 -> 0.020669601 | AJ8: =SUM(T8:AH8) -> 286.46
A9: 6 | B9: MOPAR BRAKE FLUID DOT 4 - A cada 2 anos | C9: K04549625LA_F | D9: =VLOOKUP(C9,'[1]PREÇO ATUAL'!$A$1:$D$1048576,4,0) -> 33.622493 | T9: =$D9*E9 -> 0 | U9: =$D9*F9 -> 0 | V9: =$D9*G9 -> 0 | W9: =$D9*H9 -> 0 | X9: =$D9*I9 -> 0 | Y9: =$D9*J9 -> 0 | Z9: =$D9*K9 -> 0 | AA9: =$D9*L9 -> 0 | ... AH9: =$D9*S9 -> 0 | AI9: =AJ9/$AI$2 -> 0 | AJ9: =SUM(T9:AH9) -> 0
A10: 7 | B10: MOPAR MAXPRO SYNTHETIC 0W20 (SP/GF-6A) | C10: K68218951LA_F | D10: =VLOOKUP(C10,'[1]PREÇO ATUAL'!$A$1:$D$1048576,4,0) -> 81.26 | E10: 3.36 | F10: 3.36 | G10: 3.36 | H10: 3.36 | I10: 3.36 | J10: 3.36 | K10: 3.36 | L10: 3.36 | M10: 3.36 | N10: 3.36 | O10: 3.36 | P10: 3.36 | Q10: 3.36 | R10: 3.36 | S10: 3.36 | T10: =$D10*E10 -> 273.0336 | U10: =$D10*F10 -> 273.0336 | V10: =$D10*G10 -> 273.0336 | W10: =$D10*H10 -> 273.0336 | X10: =$D10*I10 -> 273.0336 | Y10: =$D10*J10 -> 273.0336 | Z10: =$D10*K10 -> 273.0336 | AA10: =$D10*L10 -> 273.0336 | ... AH10: =$D10*S10 -> 273.0336 | AI10: =AJ10/$AI$2 -> 0.29551223 | AJ10: =SUM(T10:AH10) -> 4095.504
A11: 8 | B11: Tempo Padrão de Mão-De-Obra [horas] | C11: MO FIAT | D11: =VLOOKUP(C11,'[1]PREÇO ATUAL'!$A$1:$D$1048576,4,0) -> 342 | E11: 0.8 | F11: 1 | G11: 0.85 | H11: 1.35 | I11: 0.95 | J11: 1.1 | K11: 0.8 | L11: 1.35 | M11: 0.85 | N11: 1.15 | O11: 0.8 | P11: 1.65 | Q11: 0.8 | R11: 1 | S11: 1 | T11: =D11*E11 -> 273.6 | U11: =$D11*F11 -> 342 | V11: =$D11*G11 -> 290.7 | W11: =$D11*H11 -> 461.7 | X11: =$D11*I11 -> 324.9 | Y11: =$D11*J11 -> 376.2 | Z11: =$D11*K11 -> 273.6 | AA11: =$D11*L11 -> 461.7 | AB11: =$D11*M11 -> 290.7 | ... AH11: =$D11*S11 -> 342 | AI11: =AJ11/$AI$2 -> 0.38126127 | AJ11: =SUM(T11:AH11) -> 5283.9
A13: NOVA STRADA 1.3 MT | E13: PLANO DE MANUTENÇÃO | T13: CUSTOS DE MANUTENÇÃO [R$] | AI13: Total
T14: =MROUND(SUM(T16:T24),1) -> 627 | U14: =MROUND(SUM(U16:U24),1) -> 821 | V14: =MROUND(SUM(V16:V24),1) -> 644 | W14: =MROUND(SUM(W16:W24),1) -> 1644 | X14: =MROUND(SUM(X16:X24),1) -> 678 | Y14: =MROUND(SUM(Y16:Y24),1) -> 998 | Z14: =MROUND(SUM(Z16:Z24),1) -> 627 | AA14: =MROUND(SUM(AA16:AA24),1) -> 1644 | ... AH14: =MROUND(SUM(AH16:AH24),1) -> 1399 | AI14: =SUM(T14:AH14) -> 14895
A15: Nº | B15: ITENS DE SUBSTITUIÇÃO OBRIGATÓRIA | C15: PN | D15: P. PUB. | E15: 1a | F15: 2a | G15: 3a | H15: 4a | I15: 5a | J15: 6a | K15: 7a | L15: 8a | M15: 9a | N15: 10a | O15: 11 | P15: 12 | Q15: 13 | R15: 14 | S15: 15 | T15: 10000 | U15: 20000 | V15: 30000 | W15: 40000 | X15: 50000 | Y15: 60000 | Z15: 70000 | AA15: 80000 | AB15: 90000 | AC15: 100000 | AD15: =AC15+10000 -> 110000 | AE15: =AD15+10000 -> 120000 | AF15: =AE15+10000 -> 130000 | AG15: =AF15+10000 -> 140000 | AH15: =AG15+10000 -> 150000 | AI15: =SUM(AI16:AI24) -> 1.0744874 | AJ15: TTL 100
A16: 1 | B16: Filtro de Óleo do Motor | C16: 7094709 | D16: =VLOOKUP(C16,'[1]PREÇO ATUAL'!$A$1:$D$1048576,4,0) -> 79.9 | E16: 1 | F16: 1 | G16: 1 | H16: 1 | I16: 1 | J16: 1 | K16: 1 | L16: 1 | M16: 1 | N16: 1 | O16: 1 | P16: 1 | Q16: 1 | R16: 1 | S16: 1 | T16: =$D16*E16 -> 79.9 | U16: =$D16*F16 -> 79.9 | V16: =$D16*G16 -> 79.9 | W16: =$D16*H16 -> 79.9 | X16: =$D16*I16 -> 79.9 | Y16: =$D16*J16 -> 79.9 | Z16: =$D16*K16 -> 79.9 | AA16: =$D16*L16 -> 79.9 | ... AH16: =$D16*S16 -> 79.9 | AI16: =AJ16/$AI$2 -> 0.086478101 | AJ16: =SUM(T16:AH16) -> 1198.5
A17: 2 | B17: Filtro de Combustível | C17: 52162685 | D17: =VLOOKUP(C17,'[1]PREÇO ATUAL'!$A$1:$D$1048576,4,0) -> 35.9 | F17: 1 | H17: 1 | J17: 1 | L17: 1 | N17: 1 | P17: 1 | R17: 1 | T17: =$D17*E17 -> 0 | U17: =$D17*F17 -> 35.9 | V17: =$D17*G17 -> 0 | W17: =$D17*H17 -> 35.9 | X17: =$D17*I17 -> 0 | Y17: =$D17*J17 -> 35.9 | Z17: =$D17*K17 -> 0 | AA17: =$D17*L17 -> 35.9 | ... AH17: =$D17*S17 -> 0 | AI17: =AJ17/$AI$2 -> 0.018132621 | AJ17: =SUM(T17:AH17) -> 251.3
A18: 3 | B18: Filtro de Ar | C18: 52046268 | D18: =VLOOKUP(C18,'[1]PREÇO ATUAL'!$A$1:$D$1048576,4,0) -> 89.9 | F18: 1 | H18: 1 | J18: 1 | L18: 1 | N18: 1 | P18: 1 | R18: 1 | T18: =$D18*E18 -> 0 | U18: =$D18*F18 -> 89.9 | V18: =$D18*G18 -> 0 | W18: =$D18*H18 -> 89.9 | X18: =$D18*I18 -> 0 | Y18: =$D18*J18 -> 89.9 | Z18: =$D18*K18 -> 0 | AA18: =$D18*L18 -> 89.9 | ... AH18: =$D18*S18 -> 0 | AI18: =AJ18/$AI$2 -> 0.045407317 | AJ18: =SUM(T18:AH18) -> 629.3
A19: 4 | B19: Velas de Ignição | C19: 55267995 | D19: =VLOOKUP(C19,'[1]PREÇO ATUAL'!$A$1:$D$1048576,4,0) -> 175.9 | H19: 4 | L19: 4 | P19: 4 | S19: 4 | T19: =$D19*E19 -> 0 | U19: =$D19*F19 -> 0 | V19: =$D19*G19 -> 0 | W19: =$D19*H19 -> 703.6 | X19: =$D19*I19 -> 0 | Y19: =$D19*J19 -> 0 | Z19: =$D19*K19 -> 0 | AA19: =$D19*L19 -> 703.6 | ... AH19: =$D19*S19 -> 703.6 | AI19: =AJ19/$AI$2 -> 0.20307381 | AJ19: =SUM(T19:AH19) -> 2814.4
A20: 5 | B20: Correia dos Órgãos Auxiliares | C20: 55267966 | D20: =VLOOKUP(C20,'[1]PREÇO ATUAL'!$A$1:$D$1048576,4,0) -> 143.23 | J20: 1 | P20: 1 | T20: =$D20*E20 -> 0 | U20: =$D20*F20 -> 0 | V20: =$D20*G20 -> 0 | W20: =$D20*H20 -> 0 | X20: =$D20*I20 -> 0 | Y20: =$D20*J20 -> 143.23 | Z20: =$D20*K20 -> 0 | AA20: =$D20*L20 -> 0 | ... AH20: =$D20*S20 -> 0 | AI20: =AJ20/$AI$2 -> 0.020669601 | AJ20: =SUM(T20:AH20) -> 286.46
A21: 6 | B21: Sustitucao do óleo da caixa de cambio mecanica SAE 75W – API GL4 (Mopar Dual Dry Clutch Transmission Fluid) | C21: 7095576 | D21: =VLOOKUP(C21,'[1]PREÇO ATUAL'!$A$1:$D$1048576,4,0) -> 165.97812 | P21: 2 | T21: =$D21*E21 -> 0 | U21: =$D21*F21 -> 0 | V21: =$D21*G21 -> 0 | W21: =$D21*H21 -> 0 | X21: =$D21*I21 -> 0 | Y21: =$D21*J21 -> 0 | Z21: =$D21*K21 -> 0 | AA21: =$D21*L21 -> 0 | ... AH21: =$D21*S21 -> 0 | AI21: =AJ21/$AI$2 -> 0.023952395 | AJ21: =SUM(T21:AH21) -> 331.95624
A22: 7 | B22: MOPAR BRAKE FLUID DOT 4 - A cada 2 anos | C22: K04549625LA_F | D22: =VLOOKUP(C22,'[1]PREÇO ATUAL'!$A$1:$D$1048576,4,0) -> 33.622493 | T22: =$D22*E22 -> 0 | U22: =$D22*F22 -> 0 | V22: =$D22*G22 -> 0 | W22: =$D22*H22 -> 0 | X22: =$D22*I22 -> 0 | Y22: =$D22*J22 -> 0 | Z22: =$D22*K22 -> 0 | AA22: =$D22*L22 -> 0 | ... AH22: =$D22*S22 -> 0 | AI22: =AJ22/$AI$2 -> 0 | AJ22: =SUM(T22:AH22) -> 0
A23: 8 | B23: MOPAR MAXPRO SYNTHETIC 0W20 (SP/GF-6A) | C23: K68218951LA_F | D23: =VLOOKUP(C23,'[1]PREÇO ATUAL'!$A$1:$D$1048576,4,0) -> 81.26 | E23: 3.36 | F23: 3.36 | G23: 3.36 | H23: 3.36 | I23: 3.36 | J23: 3.36 | K23: 3.36 | L23: 3.36 | M23: 3.36 | N23: 3.36 | O23: 3.36 | P23: 3.36 | Q23: 3.36 | R23: 3.36 | S23: 3.36 | T23: =$D23*E23 -> 273.0336 | U23: =$D23*F23 -> 273.0336 | V23: =$D23*G23 -> 273.0336 | W23: =$D23*H23 -> 273.0336 | X23: =$D23*I23 -> 273.0336 | Y23: =$D23*J23 -> 273.0336 | Z23: =$D23*K23 -> 273.0336 | AA23: =$D23*L23 -> 273.0336 | ... AH23: =$D23*S23 -> 273.0336 | AI23: =AJ23/$AI$2 -> 0.29551223 | AJ23: =SUM(T23:AH23) -> 4095.504
A24: 9 | B24: Tempo Padrão de Mão-De-Obra [horas] | C24: MO FIAT | D24: =VLOOKUP(C24,'[1]PREÇO ATUAL'!$A$1:$D$1048576,4,0) -> 342 | E24: 0.8 | F24: 1 | G24: 0.85 | H24: 1.35 | I24: 0.95 | J24: 1.1 | K24: 0.8 | L24: 1.35 | M24: 0.85 | N24: 1.15 | O24: 0.8 | P24: 1.65 | Q24: 0.8 | R24: 1 | S24: 1 | T24: =D24*E24 -> 273.6 | U24: =$D24*F24 -> 342 | V24: =$D24*G24 -> 290.7 | W24: =$D24*H24 -> 461.7 | X24: =$D24*I24 -> 324.9 | Y24: =$D24*J24 -> 376.2 | Z24: =$D24*K24 -> 273.6 | AA24: =$D24*L24 -> 461.7 | AB24: =$D24*M24 -> 290.7 | ... AH24: =$D24*S24 -> 342 | AI24: =AJ24/$AI$2 -> 0.38126127 | AJ24: =SUM(T24:AH24) -> 5283.9

Sheet NOVA STRADA 1.4
A1: NOVA STRADA 1.4 | E1: PLANO DE MANUTENÇÃO | T1: CUSTOS DE MANUTENÇÃO [R$] | AI1: Total
T2: =MROUND(SUM(T4:T14),1) -> 532 | U2: =MROUND(SUM(U4:U14),1) -> 719 | V2: =MROUND(SUM(V4:V14),1) -> 1127 | W2: =MROUND(SUM(W4:W14),1) -> 925 | X2: =MROUND(SUM(X4:X14),1) -> 583 | Y2: =MROUND(SUM(Y4:Y14),1) -> 2361 | Z2: =MROUND(SUM(Z4:Z14),1) -> 532 | AA2: =MROUND(SUM(AA4:AA14),1) -> 771 | ... AH2: =MROUND(SUM(AH4:AH14),1) -> 1178 | AI2: =SUM(T2:AH2) -> 15393
A3: Nº | B3: ITENS DE SUBSTITUIÇÃO OBRIGATÓRIA | C3: PN | D3: P. PUB. | E3: 1a | F3: 2a | G3: 3a | H3: 4a | I3: 5a | J3: 6a | K3: 7a | L3: 8a | M3: 9a | N3: 10a | O3: 11 | P3: 12 | Q3: 13 | R3: 14 | S3: 15 | T3: 10000 | U3: 20000 | V3: 30000 | W3: 40000 | X3: 50000 | Y3: 60000 | Z3: 70000 | AA3: 80000 | AB3: 90000 | AC3: 100000 | AD3: =AC3+10000 -> 110000 | AE3: =AD3+10000 -> 120000 | AF3: =AE3+10000 -> 130000 | AG3: =AF3+10000 -> 140000 | AH3: =AG3+10000 -> 150000 | AI3: =SUM(AI4:AI14) -> 0.62382966 | AJ3: TTL 100
A4: 1 | B4: Filtro de Óleo do Motor | C4: 46751179 | D4: =VLOOKUP(C4,'[1]PREÇO ATUAL'!$A$1:$D$1048576,4,0) -> 71.2 | E4: 1 | F4: 1 | G4: 1 | H4: 1 | I4: 1 | J4: 1 | K4: 1 | L4: 1 | M4: 1 | N4: 1 | O4: 1 | P4: 1 | Q4: 1 | R4: 1 | S4: 1 | T4: =$D4*E4 -> 71.2 | U4: =$D4*F4 -> 71.2 | V4: =$D4*G4 -> 71.2 | W4: =$D4*H4 -> 71.2 | X4: =$D4*I4 -> 71.2 | Y4: =$D4*J4 -> 71.2 | Z4: =$D4*K4 -> 71.2 | AA4: =$D4*L4 -> 71.2 | ... AH4: =$D4*S4 -> 71.2 | AI4: =AJ4/$AI$2 -> 0.046254791 | AJ4: =SUM(T4:AC4) -> 712
A5: 2 | B5: Filtro de Combustível | C5: 52162685 | D5: =VLOOKUP(C5,'[1]PREÇO ATUAL'!$A$1:$D$1048576,4,0) -> 35.9 | F5: 1 | H5: 1 | J5: 1 | L5: 1 | N5: 1 | P5: 1 | R5: 1 | T5: =$D5*E5 -> 0 | U5: =$D5*F5 -> 35.9 | V5: =$D5*G5 -> 0 | W5: =$D5*H5 -> 35.9 | X5: =$D5*I5 -> 0 | Y5: =$D5*J5 -> 35.9 | Z5: =$D5*K5 -> 0 | AA5: =$D5*L5 -> 35.9 | ... AH5: =$D5*S5 -> 0 | AI5: =AJ5/$AI$2 -> 0.011661145 | AJ5: =SUM(T5:AC5) -> 179.5
A6: 3 | B6: Filtro de Ar | C6: 51854598 | D6: =VLOOKUP(C6,'[1]PREÇO ATUAL'!$A$1:$D$1048576,4,0) -> 83.06 | F6: 1 | H6: 1 | J6: 1 | L6: 1 | N6: 1 | P6: 1 | R6: 1 | T6: =$D6*E6 -> 0 | U6: =$D6*F6 -> 83.06 | V6: =$D6*G6 -> 0 | W6: =$D6*H6 -> 83.06 | X6: =$D6*I6 -> 0 | Y6: =$D6*J6 -> 83.06 | Z6: =$D6*K6 -> 0 | AA6: =$D6*L6 -> 83.06 | ... AH6: =$D6*S6 -> 0 | AI6: =AJ6/$AI$2 -> 0.026979796 | AJ6: =SUM(T6:AC6) -> 415.3
A7: 4 | B7: Velas de Ignição | C7: 55226520 | D7: =VLOOKUP(C7,'[1]PREÇO ATUAL'!$A$1:$D$1048576,4,0) -> 41.9 | G7: 4 | J7: 4 | M7: 4 | P7: 4 | S7: 4 | T7: =$D7*E7 -> 0 | U7: =$D7*F7 -> 0 | V7: =$D7*G7 -> 167.6 | W7: =$D7*H7 -> 0 | X7: =$D7*I7 -> 0 | Y7: =$D7*J7 -> 167.6 | Z7: =$D7*K7 -> 0 | AA7: =$D7*L7 -> 0 | ... AH7: =$D7*S7 -> 167.6 | AI7: =AJ7/$AI$2 -> 0.032664198 | AJ7: =SUM(T7:AC7) -> 502.8
A8: 5 | B8: Correia Transmissão c/ AC | C8: 55258482 | D8: =VLOOKUP(C8,'[1]PREÇO ATUAL'!$A$1:$D$1048576,4,0) -> 110.87 | J8: 1 | P8: 1 | T8: =$D8*E8 -> 0 | U8: =$D8*F8 -> 0 | V8: =$D8*G8 -> 0 | W8: =$D8*H8 -> 0 | X8: =$D8*I8 -> 0 | Y8: =$D8*J8 -> 110.87 | Z8: =$D8*K8 -> 0 | AA8: =$D8*L8 -> 0 | ... AH8: =$D8*S8 -> 0 | AI8: =AJ8/$AI$2 -> 0.0072026246 | AJ8: =SUM(T8:AC8) -> 110.87
A9: 6 | B9: Correia Transmissão DH | C9: 55211240 | D9: =VLOOKUP(C9,'[1]PREÇO ATUAL'!$A$1:$D$1048576,4,0) -> 149.54 | J9: 1 | P9: 1 | T9: =$D9*E9 -> 0 | U9: =$D9*F9 -> 0 | V9: =$D9*G9 -> 0 | W9: =$D9*H9 -> 0 | X9: =$D9*I9 -> 0 | Y9: =$D9*J9 -> 149.54 | Z9: =$D9*K9 -> 0 | AA9: =$D9*L9 -> 0 | ... AH9: =$D9*S9 -> 0 | AI9: =AJ9/$AI$2 -> 0.0097148054 | AJ9: =SUM(T9:AC9) -> 149.54
A10: 7 | B10: Correia Distribuição | C10: 46337687 | D10: =VLOOKUP(C10,'[1]PREÇO ATUAL'!$A$1:$D$1048576,4,0) -> 136.4 | J10: 1 | P10: 1 | T10: =$D10*E10 -> 0 | U10: =$D10*F10 -> 0 | V10: =$D10*G10 -> 0 | W10: =$D10*H10 -> 0 | X10: =$D10*I10 -> 0 | Y10: =$D10*J10 -> 136.4 | Z10: =$D10*K10 -> 0 | AA10: =$D10*L10 -> 0 | ... AH10: =$D10*S10 -> 0 | AI10: =AJ10/$AI$2 -> 0.0088611707 | AJ10: =SUM(T10:AC10) -> 136.4
A11: 8 | B11: Sustitucao do óleo da caixa de cambio mecanica SAE 75W – API GL4 (Mopar Dual Dry Clutch Transmission Fluid) | C11: 7095576 | D11: =VLOOKUP(C11,'[1]PREÇO ATUAL'!$A$1:$D$1048576,4,0) -> 165.97812 | P11: 2 | T11: =$D11*E11 -> 0 | U11: =$D11*F11 -> 0 | V11: =$D11*G11 -> 0 | W11: =$D11*H11 -> 0 | X11: =$D11*I11 -> 0 | Y11: =$D11*J11 -> 0 | Z11: =$D11*K11 -> 0 | AA11: =$D11*L11 -> 0 | ... AH11: =$D11*S11 -> 0 | AI11: =AJ11/$AI$2 -> 0 | AJ11: =SUM(T11:AC11) -> 0
A12: 9 | B12: MOPAR BRAKE FLUID DOT 4 - A cada 2 anos | C12: K04549625LA_F | D12: =VLOOKUP(C12,'[1]PREÇO ATUAL'!$A$1:$D$1048576,4,0) -> 33.622493 | T12: 0 | U12: =$D12*F12 -> 0 | V12: =$D12*G12 -> 0 | W12: =$D12*H12 -> 0 | X12: =$D12*I12 -> 0 | Y12: =$D12*J12 -> 0 | Z12: =$D12*K12 -> 0 | AA12: =$D12*L12 -> 0 | AB12: =$D12*M12 -> 0 | ... AH12: =$D12*S12 -> 0 | AI12: =AJ12/$AI$2 -> 0 | AJ12: =SUM(T12:AC12) -> 0
A13: 10 | B13: MOPAR MAXPRO 5W30 (SN/GF-5) | C13: K68218921LA_F | D13: =VLOOKUP(C13,'[1]PREÇO ATUAL'!$A$1:$D$1048576,4,0) -> 75.7 | E13: 2.7 | F13: 2.7 | G13: 2.7 | H13: 2.7 | I13: 2.7 | J13: 2.7 | K13: 2.7 | L13: 2.7 | M13: 2.7 | N13: 2.7 | O13: 2.7 | P13: 2.7 | Q13: 2.7 | R13: 2.7 | S13: 2.7 | T13: =$D13*E13 -> 204.39 | U13: =$D13*F13 -> 204.39 | V13: =$D13*G13 -> 204.39 | W13: =$D13*H13 -> 204.39 | X13: =$D13*I13 -> 204.39 | Y13: =$D13*J13 -> 204.39 | Z13: =$D13*K13 -> 204.39 | AA13: =$D13*L13 -> 204.39 | ... AH13: =$D13*S13 -> 204.39 | AI13: =AJ13/$AI$2 -> 0.13278113 | AJ13: =SUM(T13:AC13) -> 2043.9
A14: 11 | B14: Tempo Padrão de Mão-De-Obra [horas] | C14: MO FIAT | D14: =VLOOKUP(C14,'[1]PREÇO ATUAL'!$A$1:$D$1048576,4,0) -> 342 | E14: 0.75 | F14: 0.95 | G14: 2 | H14: 1.55 | I14: 0.9 | J14: 4.1 | K14: 0.75 | L14: 1.1 | M14: 2 | N14: 1.55 | O14: 0.75 | P14: 4.5 | Q14: 0.75 | R14: 0.95 | S14: 2.15 | T14: =D14*E14 -> 256.5 | U14: =$D$14*F14 -> 324.9 | V14: =$D$14*G14 -> 684 | W14: =$D$14*H14 -> 530.1 | X14: =$D$14*I14 -> 307.8 | Y14: =$D$14*J14 -> 1402.2 | Z14: =$D$14*K14 -> 256.5 | AA14: =$D$14*L14 -> 376.2 | AB14: =$D$14*M14 -> 684 | ... AH14: =$D$14*S14 -> 735.3 | AI14: =AJ14/$AI$2 -> 0.34771 | AJ14: =SUM(T14:AC14) -> 5352.3

Sheet ARGO 1.0
A1: ARGO 1.0 | E1: PLANO DE MANUTENÇÃO | T1: CUSTOS DE MANUTENÇÃO [R$] | AI1: Total
T2: =MROUND(SUM(T4:T12),1) -> 577 | U2: =MROUND(SUM(U4:U12),1) -> 823 | V2: =MROUND(SUM(V4:V12),1) -> 594 | W2: =MROUND(SUM(W4:W12),1) -> 1675 | X2: =MROUND(SUM(X4:X12),1) -> 628 | Y2: =MROUND(SUM(Y4:Y12),1) -> 1051 | Z2: =MROUND(SUM(Z4:Z12),1) -> 577 | AA2: =MROUND(SUM(AA4:AA12),1) -> 1675 | ... AH2: =MROUND(SUM(AH4:AH12),1) -> 645 | AI2: =SUM(T2:AH2) -> 13618
A3: Nº | B3: ITENS DE SUBSTITUIÇÃO OBRIGATÓRIA | C3: PN | D3: P. PUB. | E3: 1a | F3: 2a | G3: 3a | H3: 4a | I3: 5a | J3: 6a | K3: 7a | L3: 8a | M3: 9a | N3: 10a | O3: 11 | P3: 12 | Q3: 13 | R3: 14 | S3: 15 | T3: 10000 | U3: 20000 | V3: 30000 | W3: 40000 | X3: 50000 | Y3: 60000 | Z3: 70000 | AA3: 80000 | AB3: 90000 | AC3: 100000 | AD3: =AC3+10000 -> 110000 | AE3: =AD3+10000 -> 120000 | AF3: =AE3+10000 -> 130000 | AG3: =AF3+10000 -> 140000 | AH3: =AG3+10000 -> 150000 | AI3: % 100 | AJ3: TTL 100
A4: 1 | B4: Filtro de Óleo do Motor | C4: 7094709 | D4: =VLOOKUP(C4,'[1]PREÇO ATUAL'!$A$1:$D$1048576,4,0) -> 79.9 | E4: 1 | F4: 1 | G4: 1 | H4: 1 | I4: 1 | J4: 1 | K4: 1 | L4: 1 | M4: 1 | N4: 1 | O4: 1 | P4: 1 | Q4: 1 | R4: 1 | S4: 1 | T4: =$D4*E4 -> 79.9 | U4: =$D4*F4 -> 79.9 | V4: =$D4*G4 -> 79.9 | W4: =$D4*H4 -> 79.9 | X4: =$D4*I4 -> 79.9 | Y4: =$D4*J4 -> 79.9 | Z4: =$D4*K4 -> 79.9 | AA4: =$D4*L4 -> 79.9 | ... AH4: =$D4*S4 -> 79.9 | AI4: =AJ4/$AI$2 -> 0.088008518 | AJ4: =SUM(T4:AH4) -> 1198.5
A5: 2 | B5: Filtro de Combustível | C5: 52162685 | D5: =VLOOKUP(C5,'[1]PREÇO ATUAL'!$A$1:$D$1048576,4,0) -> 35.9 | F5: 1 | H5: 1 | J5: 1 | L5: 1 | N5: 1 | P5: 1 | R5: 1 | T5: =$D5*E5 -> 0 | U5: =$D5*F5 -> 35.9 | V5: =$D5*G5 -> 0 | W5: =$D5*H5 -> 35.9 | X5: =$D5*I5 -> 0 | Y5: =$D5*J5 -> 35.9 | Z5: =$D5*K5 -> 0 | AA5: =$D5*L5 -> 35.9 | ... AH5: =$D5*S5 -> 0 | AI5: =AJ5/$AI$2 -> 0.018453517 | AJ5: =SUM(T5:AH5) -> 251.3
A6: 3 | B6: Filtro de Ar | C6: 52046268 | D6: =VLOOKUP(C6,'[1]PREÇO ATUAL'!$A$1:$D$1048576,4,0) -> 89.9 | F6: 1 | H6: 1 | J6: 1 | L6: 1 | N6: 1 | P6: 1 | R6: 1 | T6: =$D6*E6 -> 0 | U6: =$D6*F6 -> 89.9 | V6: =$D6*G6 -> 0 | W6: =$D6*H6 -> 89.9 | X6: =$D6*I6 -> 0 | Y6: =$D6*J6 -> 89.9 | Z6: =$D6*K6 -> 0 | AA6: =$D6*L6 -> 89.9 | ... AH6: =$D6*S6 -> 0 | AI6: =AJ6/$AI$2 -> 0.046210897 | AJ6: =SUM(T6:AH6) -> 629.3
A7: 4 | B7: Velas de Ignição | C7: 55267995 | D7: =VLOOKUP(C7,'[1]PREÇO ATUAL'!$A$1:$D$1048576,4,0) -> 175.9 | H7: 3 | L7: 3 | P7: 3 | T7: =$D7*E7 -> 0 | U7: =$D7*F7 -> 0 | V7: =$D7*G7 -> 0 | W7: =$D7*H7 -> 527.7 | X7: =$D7*I7 -> 0 | Y7: =$D7*J7 -> 0 | Z7: =$D7*K7 -> 0 | AA7: =$D7*L7 -> 527.7 | ... AH7: =$D7*S7 -> 0 | AI7: =AJ7/$AI$2 -> 0.11625055 | AJ7: =SUM(T7:AH7) -> 1583.1
A8: 5 | B8: Correia dos Órgãos Auxiliares | C8: 55267966 | D8: =VLOOKUP(C8,'[1]PREÇO ATUAL'!$A$1:$D$1048576,4,0) -> 143.23 | J8: 1 | P8: 1 | T8: =$D8*E8 -> 0 | U8: =$D8*F8 -> 0 | V8: =$D8*G8 -> 0 | W8: =$D8*H8 -> 0 | X8: =$D8*I8 -> 0 | Y8: =$D8*J8 -> 143.23 | Z8: =$D8*K8 -> 0 | AA8: =$D8*L8 -> 0 | ... AH8: =$D8*S8 -> 0 | AI8: =AJ8/$AI$2 -> 0.021035394 | AJ8: =SUM(T8:AH8) -> 286.46
A9: 6 | B9: Sustitucao do óleo da caixa de cambio mecanica SAE 75W – API GL4 (Mopar Dual Dry Clutch Transmission Fluid) | C9: 7095576 | D9: =VLOOKUP(C9,'[1]PREÇO ATUAL'!$A$1:$D$1048576,4,0) -> 165.97812 | P9: 2 | T9: =$D9*E9 -> 0 | U9: =$D9*F9 -> 0 | V9: =$D9*G9 -> 0 | W9: =$D9*H9 -> 0 | X9: =$D9*I9 -> 0 | Y9: =$D9*J9 -> 0 | Z9: =$D9*K9 -> 0 | AA9: =$D9*L9 -> 0 | ... AH9: =$D9*S9 -> 0 | AI9: =AJ9/$AI$2 -> 0.024376284 | AJ9: =SUM(T9:AH9) -> 331.95624
A10: 7 | B10: MOPAR BRAKE FLUID DOT 4 - A cada 2 anos | C10: K04549625LA_F | D10: =VLOOKUP(C10,'[1]PREÇO ATUAL'!$A$1:$D$1048576,4,0) -> 33.622493 | T10: =$D10*E10 -> 0 | U10: =$D10*F10 -> 0 | V10: =$D10*G10 -> 0 | W10: =$D10*H10 -> 0 | X10: =$D10*I10 -> 0 | Y10: =$D10*J10 -> 0 | Z10: =$D10*K10 -> 0 | AA10: =$D10*L10 -> 0 | ... AH10: =$D10*S10 -> 0 | AI10: =AJ10/$AI$2 -> 0 | AJ10: =SUM(T10:AH10) -> 0
A11: 8 | B11: MOPAR MAXPRO SYNTHETIC 0W20 (SP/GF-6A) | C11: K68218951LA_F | D11: =VLOOKUP(C11,'[1]PREÇO ATUAL'!$A$1:$D$1048576,4,0) -> 81.26 | E11: 2.54 | F11: 2.54 | G11: 2.54 | H11: 2.54 | I11: 2.54 | J11: 2.54 | K11: 2.54 | L11: 2.54 | M11: 2.54 | N11: 2.54 | O11: 2.54 | P11: 2.54 | Q11: 2.54 | R11: 2.54 | S11: 2.54 | T11: =$D11*E11 -> 206.4004 | U11: =$D11*F11 -> 206.4004 | V11: =$D11*G11 -> 206.4004 | W11: =$D11*H11 -> 206.4004 | X11: =$D11*I11 -> 206.4004 | Y11: =$D11*J11 -> 206.4004 | Z11: =$D11*K11 -> 206.4004 | AA11: =$D11*L11 -> 206.4004 | ... AH11: =$D11*S11 -> 206.4004 | AI11: =AJ11/$AI$2 -> 0.2273466 | AJ11: =SUM(T11:AH11) -> 3096.006
A12: 9 | B12: Tempo Padrão de Mão-De-Obra [horas] | C12: MO FIAT | D12: =VLOOKUP(C12,'[1]PREÇO ATUAL'!$A$1:$D$1048576,4,0) -> 342 | E12: 0.85 | F12: 1.2 | G12: 0.9 | H12: 2.15 | I12: 1 | J12: 1.45 | K12: 0.85 | L12: 2.15 | M12: 0.9 | N12: 1.35 | O12: 0.85 | P12: 1.5 | Q12: 0.85 | R12: 1.2 | S12: 1.05 | T12: =D12*E12 -> 290.7 | U12: =$D12*F12 -> 410.4 | V12: =$D12*G12 -> 307.8 | W12: =$D12*H12 -> 735.3 | X12: =$D12*I12 -> 342 | Y12: =$D12*J12 -> 495.9 | Z12: =$D12*K12 -> 290.7 | AA12: =$D12*L12 -> 735.3 | AB12: =$D12*M12 -> 307.8 | ... AH12: =$D12*S12 -> 359.1 | AI12: =AJ12/$AI$2 -> 0.45832721 | AJ12: =SUM(T12:AH12) -> 6241.5

Sheet ARGO 1.3
A1: ARGO 1.3 | E1: PLANO DE MANUTENÇÃO | T1: CUSTOS DE MANUTENÇÃO [R$] | AI1: Total
T2: =MROUND(SUM(T4:T11),1) -> 644 | U2: =MROUND(SUM(U4:U11),1) -> 889 | V2: =MROUND(SUM(V4:V11),1) -> 661 | W2: =MROUND(SUM(W4:W11),1) -> 1918 | X2: =MROUND(SUM(X4:X11),1) -> 695 | Y2: =MROUND(SUM(Y4:Y11),1) -> 1118 | Z2: =MROUND(SUM(Z4:Z11),1) -> 644 | AA2: =MROUND(SUM(AA4:AA11),1) -> 1918 | ... AH2: =MROUND(SUM(AH4:AH11),1) -> 712 | AI2: =SUM(T2:AH2) -> 14816
A3: Nº | B3: ITENS DE SUBSTITUIÇÃO OBRIGATÓRIA | C3: PN | D3: P. PUB. | E3: 1a | F3: 2a | G3: 3a | H3: 4a | I3: 5a | J3: 6a | K3: 7a | L3: 8a | M3: 9a | N3: 10a | O3: 11 | P3: 12 | Q3: 13 | R3: 14 | S3: 15 | T3: 10000 | U3: 20000 | V3: 30000 | W3: 40000 | X3: 50000 | Y3: 60000 | Z3: 70000 | AA3: 80000 | AB3: 90000 | AC3: 100000 | AD3: =AC3+10000 -> 110000 | AE3: =AD3+10000 -> 120000 | AF3: =AE3+10000 -> 130000 | AG3: =AF3+10000 -> 140000 | AH3: =AG3+10000 -> 150000 | AI3: % 100 | AJ3: TTL 100
A4: 1 | B4: Filtro de Óleo do Motor | C4: 7094709 | D4: =VLOOKUP(C4,'[1]PREÇO ATUAL'!$A$1:$D$1048576,4,0) -> 79.9 | E4: 1 | F4: 1 | G4: 1 | H4: 1 | I4: 1 | J4: 1 | K4: 1 | L4: 1 | M4: 1 | N4: 1 | O4: 1 | P4: 1 | Q4: 1 | R4: 1 | S4: 1 | T4: =$D4*E4 -> 79.9 | U4: =$D4*F4 -> 79.9 | V4: =$D4*G4 -> 79.9 | W4: =$D4*H4 -> 79.9 | X4: =$D4*I4 -> 79.9 | Y4: =$D4*J4 -> 79.9 | Z4: =$D4*K4 -> 79.9 | AA4: =$D4*L4 -> 79.9 | ... AH4: =$D4*S4 -> 79.9 | AI4: =AJ4/$AI$2 -> 0.080892279 | AJ4: =SUM(T4:AH4) -> 1198.5
A5: 2 | B5: Filtro de Combustível | C5: 52162685 | D5: =VLOOKUP(C5,'[1]PREÇO ATUAL'!$A$1:$D$1048576,4,0) -> 35.9 | F5: 1 | H5: 1 | J5: 1 | L5: 1 | N5: 1 | P5: 1 | R5: 1 | T5: =$D5*E5 -> 0 | U5: =$D5*F5 -> 35.9 | V5: =$D5*G5 -> 0 | W5: =$D5*H5 -> 35.9 | X5: =$D5*I5 -> 0 | Y5: =$D5*J5 -> 35.9 | Z5: =$D5*K5 -> 0 | AA5: =$D5*L5 -> 35.9 | ... AH5: =$D5*S5 -> 0 | AI5: =AJ5/$AI$2 -> 0.016961393 | AJ5: =SUM(T5:AH5) -> 251.3
A6: 3 | B6: Filtro de Ar | C6: 52046268 | D6: =VLOOKUP(C6,'[1]PREÇO ATUAL'!$A$1:$D$1048576,4,0) -> 89.9 | F6: 1 | H6: 1 | J6: 1 | L6: 1 | N6: 1 | P6: 1 | R6: 1 | T6: =$D6*E6 -> 0 | U6: =$D6*F6 -> 89.9 | V6: =$D6*G6 -> 0 | W6: =$D6*H6 -> 89.9 | X6: =$D6*I6 -> 0 | Y6: =$D6*J6 -> 89.9 | Z6: =$D6*K6 -> 0 | AA6: =$D6*L6 -> 89.9 | ... AH6: =$D6*S6 -> 0 | AI6: =AJ6/$AI$2 -> 0.042474352 | AJ6: =SUM(T6:AH6) -> 629.3
A7: 4 | B7: Velas de Ignição | C7: 55267995 | D7: =VLOOKUP(C7,'[1]PREÇO ATUAL'!$A$1:$D$1048576,4,0) -> 175.9 | H7: 4 | L7: 4 | P7: 4 | T7: =$D7*E7 -> 0 | U7: =$D7*F7 -> 0 | V7: =$D7*G7 -> 0 | W7: =$D7*H7 -> 703.6 | X7: =$D7*I7 -> 0 | Y7: =$D7*J7 -> 0 | Z7: =$D7*K7 -> 0 | AA7: =$D7*L7 -> 703.6 | ... AH7: =$D7*S7 -> 0 | AI7: =AJ7/$AI$2 -> 0.1424676 | AJ7: =SUM(T7:AH7) -> 2110.8
A8: 5 | B8: Correia dos Órgãos Auxiliares | C8: 55267966 | D8: =VLOOKUP(C8,'[1]PREÇO ATUAL'!$A$1:$D$1048576,4,0) -> 143.23 | J8: 1 | P8: 1 | T8: =$D8*E8 -> 0 | U8: =$D8*F8 -> 0 | V8: =$D8*G8 -> 0 | W8: =$D8*H8 -> 0 | X8: =$D8*I8 -> 0 | Y8: =$D8*J8 -> 143.23 | Z8: =$D8*K8 -> 0 | AA8: =$D8*L8 -> 0 | ... AH8: =$D8*S8 -> 0 | AI8: =AJ8/$AI$2 -> 0.019334503 | AJ8: =SUM(T8:AH8) -> 286.46
A9: 6 | B9: MOPAR BRAKE FLUID DOT 4 - A cada 2 anos | C9: K04549625LA_F | D9: =VLOOKUP(C9,'[1]PREÇO ATUAL'!$A$1:$D$1048576,4,0) -> 33.622493 | T9: =$D9*E9 -> 0 | U9: =$D9*F9 -> 0 | V9: =$D9*G9 -> 0 | W9: =$D9*H9 -> 0 | X9: =$D9*I9 -> 0 | Y9: =$D9*J9 -> 0 | Z9: =$D9*K9 -> 0 | AA9: =$D9*L9 -> 0 | ... AH9: =$D9*S9 -> 0 | AI9: =AJ9/$AI$2 -> 0 | AJ9: =SUM(T9:AH9) -> 0
A10: 7 | B10: MOPAR MAXPRO SYNTHETIC 0W20 (SP/GF-6A) | C10: K68218951LA_F | D10: =VLOOKUP(C10,'[1]PREÇO ATUAL'!$A$1:$D$1048576,4,0) -> 81.26 | E10: 3.36 | F10: 3.36 | G10: 3.36 | H10: 3.36 | I10: 3.36 | J10: 3.36 | K10: 3.36 | L10: 3.36 | M10: 3.36 | N10: 3.36 | O10: 3.36 | P10: 3.36 | Q10: 3.36 | R10: 3.36 | S10: 3.36 | T10: =$D10*E10 -> 273.0336 | U10: =$D10*F10 -> 273.0336 | V10: =$D10*G10 -> 273.0336 | W10: =$D10*H10 -> 273.0336 | X10: =$D10*I10 -> 273.0336 | Y10: =$D10*J10 -> 273.0336 | Z10: =$D10*K10 -> 273.0336 | AA10: =$D10*L10 -> 273.0336 | ... AH10: =$D10*S10 -> 273.0336 | AI10: =AJ10/$AI$2 -> 0.27642441 | AJ10: =SUM(T10:AH10) -> 4095.504
A11: 8 | B11: Tempo Padrão de Mão-De-Obra [horas] | C11: MO FIAT | D11: =VLOOKUP(C11,'[1]PREÇO ATUAL'!$A$1:$D$1048576,4,0) -> 342 | E11: 0.85 | F11: 1.2 | G11: 0.9 | H11: 2.15 | I11: 1 | J11: 1.45 | K11: 0.85 | L11: 2.15 | M11: 0.9 | N11: 1.35 | O11: 0.85 | P11: 1.5 | Q11: 0.85 | R11: 1.2 | S11: 1.05 | T11: =D11*E11 -> 290.7 | U11: =$D11*F11 -> 410.4 | V11: =$D11*G11 -> 307.8 | W11: =$D11*H11 -> 735.3 | X11: =$D11*I11 -> 342 | Y11: =$D11*J11 -> 495.9 | Z11: =$D11*K11 -> 290.7 | AA11: =$D11*L11 -> 735.3 | AB11: =$D11*M11 -> 307.8 | ... AH11: =$D11*S11 -> 359.1 | AI11: =AJ11/$AI$2 -> 0.42126755 | AJ11: =SUM(T11:AH11) -> 6241.5
A13: ARGO 1.3 | E13: PLANO DE MANUTENÇÃO | T13: CUSTOS DE MANUTENÇÃO [R$] | AI13: Total
T14: =MROUND(SUM(T16:T24),1) -> 644 | U14: =MROUND(SUM(U16:U24),1) -> 889 | V14: =MROUND(SUM(V16:V24),1) -> 661 | W14: =MROUND(SUM(W16:W24),1) -> 1918 | X14: =MROUND(SUM(X16:X24),1) -> 695 | Y14: =MROUND(SUM(Y16:Y24),1) -> 1118 | Z14: =MROUND(SUM(Z16:Z24),1) -> 644 | AA14: =MROUND(SUM(AA16:AA24),1) -> 1918 | ... AH14: =MROUND(SUM(AH16:AH24),1) -> 712 | AI14: =SUM(T14:AH14) -> 15148
A15: Nº | B15: ITENS DE SUBSTITUIÇÃO OBRIGATÓRIA | C15: PN | D15: P. PUB. | E15: 1a | F15: 2a | G15: 3a | H15: 4a | I15: 5a | J15: 6a | K15: 7a | L15: 8a | M15: 9a | N15: 10a | O15: 11 | P15: 12 | Q15: 13 | R15: 14 | S15: 15 | T15: 10000 | U15: 20000 | V15: 30000 | W15: 40000 | X15: 50000 | Y15: 60000 | Z15: 70000 | AA15: 80000 | AB15: 90000 | AC15: 100000 | AD15: =AC15+10000 -> 110000 | AE15: =AD15+10000 -> 120000 | AF15: =AE15+10000 -> 130000 | AG15: =AF15+10000 -> 140000 | AH15: =AG15+10000 -> 150000 | AI15: % 100 | AJ15: TTL 100
A16: 1 | B16: Filtro de Óleo do Motor | C16: 7094709 | D16: =VLOOKUP(C16,'[1]PREÇO ATUAL'!$A$1:$D$1048576,4,0) -> 79.9 | E16: 1 | F16: 1 | G16: 1 | H16: 1 | I16: 1 | J16: 1 | K16: 1 | L16: 1 | M16: 1 | N16: 1 | O16: 1 | P16: 1 | Q16: 1 | R16: 1 | S16: 1 | T16: =$D16*E16 -> 79.9 | U16: =$D16*F16 -> 79.9 | V16: =$D16*G16 -> 79.9 | W16: =$D16*H16 -> 79.9 | X16: =$D16*I16 -> 79.9 | Y16: =$D16*J16 -> 79.9 | Z16: =$D16*K16 -> 79.9 | AA16: =$D16*L16 -> 79.9 | ... AH16: =$D16*S16 -> 79.9 | AI16: =AJ16/$AI$2 -> 0.080892279 | AJ16: =SUM(T16:AH16) -> 1198.5
A17: 2 | B17: Filtro de Combustível | C17: 52162685 | D17: =VLOOKUP(C17,'[1]PREÇO ATUAL'!$A$1:$D$1048576,4,0) -> 35.9 | F17: 1 | H17: 1 | J17: 1 | L17: 1 | N17: 1 | P17: 1 | R17: 1 | T17: =$D17*E17 -> 0 | U17: =$D17*F17 -> 35.9 | V17: =$D17*G17 -> 0 | W17: =$D17*H17 -> 35.9 | X17: =$D17*I17 -> 0 | Y17: =$D17*J17 -> 35.9 | Z17: =$D17*K17 -> 0 | AA17: =$D17*L17 -> 35.9 | ... AH17: =$D17*S17 -> 0 | AI17: =AJ17/$AI$2 -> 0.016961393 | AJ17: =SUM(T17:AH17) -> 251.3
A18: 3 | B18: Filtro de Ar | C18: 52046268 | D18: =VLOOKUP(C18,'[1]PREÇO ATUAL'!$A$1:$D$1048576,4,0) -> 89.9 | F18: 1 | H18: 1 | J18: 1 | L18: 1 | N18: 1 | P18: 1 | R18: 1 | T18: =$D18*E18 -> 0 | U18: =$D18*F18 -> 89.9 | V18: =$D18*G18 -> 0 | W18: =$D18*H18 -> 89.9 | X18: =$D18*I18 -> 0 | Y18: =$D18*J18 -> 89.9 | Z18: =$D18*K18 -> 0 | AA18: =$D18*L18 -> 89.9 | ... AH18: =$D18*S18 -> 0 | AI18: =AJ18/$AI$2 -> 0.042474352 | AJ18: =SUM(T18:AH18) -> 629.3
A19: 4 | B19: Velas de Ignição | C19: 55267995 | D19: =VLOOKUP(C19,'[1]PREÇO ATUAL'!$A$1:$D$1048576,4,0) -> 175.9 | H19: 4 | L19: 4 | P19: 4 | T19: =$D19*E19 -> 0 | U19: =$D19*F19 -> 0 | V19: =$D19*G19 -> 0 | W19: =$D19*H19 -> 703.6 | X19: =$D19*I19 -> 0 | Y19: =$D19*J19 -> 0 | Z19: =$D19*K19 -> 0 | AA19: =$D19*L19 -> 703.6 | ... AH19: =$D19*S19 -> 0 | AI19: =AJ19/$AI$2 -> 0.1424676 | AJ19: =SUM(T19:AH19) -> 2110.8
A20: 5 | B20: Correia dos Órgãos Auxiliares | C20: 55267966 | D20: =VLOOKUP(C20,'[1]PREÇO ATUAL'!$A$1:$D$1048576,4,0) -> 143.23 | J20: 1 | P20: 1 | T20: =$D20*E20 -> 0 | U20: =$D20*F20 -> 0 | V20: =$D20*G20 -> 0 | W20: =$D20*H20 -> 0 | X20: =$D20*I20 -> 0 | Y20: =$D20*J20 -> 143.23 | Z20: =$D20*K20 -> 0 | AA20: =$D20*L20 -> 0 | ... AH20: =$D20*S20 -> 0 | AI20: =AJ20/$AI$2 -> 0.019334503 | AJ20: =SUM(T20:AH20) -> 286.46
A21: 6 | B21: Sustitucao do óleo da caixa de cambio mecanica SAE 75W – API GL4 (Mopar Dual Dry Clutch Transmission Fluid) | C21: 7095576 | D21: =VLOOKUP(C21,'[1]PREÇO ATUAL'!$A$1:$D$1048576,4,0) -> 165.97812 | P21: 2 | T21: =$D21*E21 -> 0 | U21: =$D21*F21 -> 0 | V21: =$D21*G21 -> 0 | W21: =$D21*H21 -> 0 | X21: =$D21*I21 -> 0 | Y21: =$D21*J21 -> 0 | Z21: =$D21*K21 -> 0 | AA21: =$D21*L21 -> 0 | ... AH21: =$D21*S21 -> 0 | AI21: =AJ21/$AI$2 -> 0.022405254 | AJ21: =SUM(T21:AH21) -> 331.95624
A22: 6 | B22: MOPAR BRAKE FLUID DOT 4 - A cada 2 anos | C22: K04549625LA_F | D22: =VLOOKUP(C22,'[1]PREÇO ATUAL'!$A$1:$D$1048576,4,0) -> 33.622493 | T22: =$D22*E22 -> 0 | U22: =$D22*F22 -> 0 | V22: =$D22*G22 -> 0 | W22: =$D22*H22 -> 0 | X22: =$D22*I22 -> 0 | Y22: =$D22*J22 -> 0 | Z22: =$D22*K22 -> 0 | AA22: =$D22*L22 -> 0 | ... AH22: =$D22*S22 -> 0 | AI22: =AJ22/$AI$2 -> 0 | AJ22: =SUM(T22:AH22) -> 0
A23: 7 | B23: MOPAR MAXPRO SYNTHETIC 0W20 (SP/GF-6A) | C23: K68218951LA_F | D23: =VLOOKUP(C23,'[1]PREÇO ATUAL'!$A$1:$D$1048576,4,0) -> 81.26 | E23: 3.36 | F23: 3.36 | G23: 3.36 | H23: 3.36 | I23: 3.36 | J23: 3.36 | K23: 3.36 | L23: 3.36 | M23: 3.36 | N23: 3.36 | O23: 3.36 | P23: 3.36 | Q23: 3.36 | R23: 3.36 | S23: 3.36 | T23: =$D23*E23 -> 273.0336 | U23: =$D23*F23 -> 273.0336 | V23: =$D23*G23 -> 273.0336 | W23: =$D23*H23 -> 273.0336 | X23: =$D23*I23 -> 273.0336 | Y23: =$D23*J23 -> 273.0336 | Z23: =$D23*K23 -> 273.0336 | AA23: =$D23*L23 -> 273.0336 | ... AH23: =$D23*S23 -> 273.0336 | AI23: =AJ23/$AI$2 -> 0.27642441 | AJ23: =SUM(T23:AH23) -> 4095.504
A24: 8 | B24: Tempo Padrão de Mão-De-Obra [horas] | C24: MO FIAT | D24: =VLOOKUP(C24,'[1]PREÇO ATUAL'!$A$1:$D$1048576,4,0) -> 342 | E24: 0.85 | F24: 1.2 | G24: 0.9 | H24: 2.15 | I24: 1 | J24: 1.45 | K24: 0.85 | L24: 2.15 | M24: 0.9 | N24: 1.35 | O24: 0.85 | P24: 1.5 | Q24: 0.85 | R24: 1.2 | S24: 1.05 | T24: =D24*E24 -> 290.7 | U24: =$D24*F24 -> 410.4 | V24: =$D24*G24 -> 307.8 | W24: =$D24*H24 -> 735.3 | X24: =$D24*I24 -> 342 | Y24: =$D24*J24 -> 495.9 | Z24: =$D24*K24 -> 290.7 | AA24: =$D24*L24 -> 735.3 | AB24: =$D24*M24 -> 307.8 | ... AH24: =$D24*S24 -> 359.1 | AI24: =AJ24/$AI$2 -> 0.42126755 | AJ24: =SUM(T24:AH24) -> 6241.5

Sheet ARGO 1.8
A1: ARGO 1.8 | E1: PLANO DE MANUTENÇÃO | O1: CUSTOS DE MANUTENÇÃO [R$] | Y1: Total
O2: =MROUND(SUM(O4:O11),1) -> 688 | P2: =MROUND(SUM(P4:P11),1) -> 928 | Q2: =MROUND(SUM(Q4:Q11),1) -> 705 | R2: =MROUND(SUM(R4:R11),1) -> 1082 | S2: =MROUND(SUM(S4:S11),1) -> 739 | T2: =MROUND(SUM(T4:T11),1) -> 2016 | U2: =MROUND(SUM(U4:U11),1) -> 705 | V2: =MROUND(SUM(V4:V11),1) -> 1082 | ... X2: =MROUND(SUM(X4:X11),1) -> 980 | Y2: =SUM(O2:X2) -> 9630
A3: Nº | B3: ITENS DE SUBSTITUIÇÃO OBRIGATÓRIA | C3: PN | D3: P. PUB. | E3: 1a | F3: 2a | G3: 3a | H3: 4a | I3: 5a | J3: 6a | K3: 7a | L3: 8a | M3: 9a | N3: 10a | O3: 10000 | P3: 20000 | Q3: 30000 | R3: 40000 | S3: 50000 | T3: 60000 | U3: 70000 | V3: 80000 | W3: 90000 | X3: 100000 | Y3: % 100 | Z3: TTL 100
A4: 1 | B4: Filtro de Óleo do Motor | C4: 7087808 | D4: =VLOOKUP(C4,'[1]PREÇO ATUAL'!$A$1:$D$1048576,4,0) -> 41.43 | E4: 1 | F4: 1 | G4: 1 | H4: 1 | I4: 1 | J4: 1 | K4: 1 | L4: 1 | M4: 1 | N4: 1 | O4: =$D4*E4 -> 41.43 | P4: =$D4*F4 -> 41.43 | Q4: =$D4*G4 -> 41.43 | R4: =$D4*H4 -> 41.43 | S4: =$D4*I4 -> 41.43 | T4: =$D4*J4 -> 41.43 | U4: =$D4*K4 -> 41.43 | V4: =$D4*L4 -> 41.43 | ... X4: =$D4*N4 -> 41.43 | Y4: =Z4/$Y$2 -> 0.043021807 | Z4: =SUM(O4:X4) -> 414.3
A5: 2 | B5: Filtro Combustível | C5: 52162685 | D5: =VLOOKUP(C5,'[1]PREÇO ATUAL'!$A$1:$D$1048576,4,0) -> 35.9 | F5: 1 | H5: 1 | J5: 1 | L5: 1 | N5: 1 | O5: =$D5*E5 -> 0 | P5: =$D5*F5 -> 35.9 | Q5: =$D5*G5 -> 0 | R5: =$D5*H5 -> 35.9 | S5: =$D5*I5 -> 0 | T5: =$D5*J5 -> 35.9 | U5: =$D5*K5 -> 0 | V5: =$D5*L5 -> 35.9 | ... X5: =$D5*N5 -> 35.9 | Y5: =Z5/$Y$2 -> 0.018639668 | Z5: =SUM(O5:X5) -> 179.5
A6: 3 | B6: Filtro de Ar | C6: 52062431 | D6: =VLOOKUP(C6,'[1]PREÇO ATUAL'!$A$1:$D$1048576,4,0) -> 84.9 | F6: 1 | H6: 1 | J6: 1 | L6: 1 | N6: 1 | O6: =$D6*E6 -> 0 | P6: =$D6*F6 -> 84.9 | Q6: =$D6*G6 -> 0 | R6: =$D6*H6 -> 84.9 | S6: =$D6*I6 -> 0 | T6: =$D6*J6 -> 84.9 | U6: =$D6*K6 -> 0 | V6: =$D6*L6 -> 84.9 | ... X6: =$D6*N6 -> 84.9 | Y6: =Z6/$Y$2 -> 0.044080997 | Z6: =SUM(O6:X6) -> 424.5
A7: 4 | B7: Vela Ignição | C7: 46348847 | D7: =VLOOKUP(C7,'[1]PREÇO ATUAL'!$A$1:$D$1048576,4,0) -> 114.24 | J7: 4 | O7: =$D7*E7 -> 0 | P7: =$D7*F7 -> 0 | Q7: =$D7*G7 -> 0 | R7: =$D7*H7 -> 0 | S7: =$D7*I7 -> 0 | T7: =$D7*J7 -> 456.96 | U7: =$D7*K7 -> 0 | V7: =$D7*L7 -> 0 | ... X7: =$D7*N7 -> 0 | Y7: =Z7/$Y$2 -> 0.047451713 | Z7: =SUM(O7:X7) -> 456.96
A8: 5 | B8: Correia dos Orgãos Auxiliares | C8: 55258359 | D8: =VLOOKUP(C8,'[1]PREÇO ATUAL'!$A$1:$D$1048576,4,0) -> 169.01 | J8: 1 | O8: =$D8*E8 -> 0 | P8: =$D8*F8 -> 0 | Q8: =$D8*G8 -> 0 | R8: =$D8*H8 -> 0 | S8: =$D8*I8 -> 0 | T8: =$D8*J8 -> 169.01 | U8: =$D8*K8 -> 0 | V8: =$D8*L8 -> 0 | ... X8: =$D8*N8 -> 0 | Y8: =Z8/$Y$2 -> 0.017550363 | Z8: =SUM(O8:X8) -> 169.01
A9: 6 | B9: MOPAR BRAKE FLUID DOT 4 - A cada 2 anos | C9: K04549625LA_F | D9: =VLOOKUP(C9,'[1]PREÇO ATUAL'!$A$1:$D$1048576,4,0) -> 33.622493 | O9: =$D9*E9 -> 0 | P9: =$D9*F9 -> 0 | Q9: =$D9*G9 -> 0 | R9: =$D9*H9 -> 0 | S9: =$D9*I9 -> 0 | T9: =$D9*J9 -> 0 | U9: =$D9*K9 -> 0 | V9: =$D9*L9 -> 0 | ... X9: =$D9*N9 -> 0 | Y9: =Z9/$Y$2 -> 0 | Z9: =SUM(O9:X9) -> 0
A10: 7 | B10: MOPAR MAXPRO 5W30 (SN/GF-5) | C10: K68218921LA_F | D10: =VLOOKUP(C10,'[1]PREÇO ATUAL'!$A$1:$D$1048576,4,0) -> 75.7 | E10: 4.7 | F10: 4.7 | G10: 4.7 | H10: 4.7 | I10: 4.7 | J10: 4.7 | K10: 4.7 | L10: 4.7 | M10: 4.7 | N10: 4.7 | O10: =$D10*E10 -> 355.79 | P10: =$D10*F10 -> 355.79 | Q10: =$D10*G10 -> 355.79 | R10: =$D10*H10 -> 355.79 | S10: =$D10*I10 -> 355.79 | T10: =$D10*J10 -> 355.79 | U10: =$D10*K10 -> 355.79 | V10: =$D10*L10 -> 355.79 | ... X10: =$D10*N10 -> 355.79 | Y10: =Z10/$Y$2 -> 0.36946002 | Z10: =SUM(O10:X10) -> 3557.9
A11: 8 | B11: Tempo Padrão de Mão-De-Obra [horas] | C11: MO FIAT | D11: =VLOOKUP(C11,'[1]PREÇO ATUAL'!$A$1:$D$1048576,4,0) -> 342 | E11: 0.85 | F11: 1.2 | G11: 0.9 | H11: 1.65 | I11: 1 | J11: 2.55 | K11: 0.9 | L11: 1.65 | M11: 0.9 | N11: 1.35 | O11: =D11*E11 -> 290.7 | P11: =$D11*F11 -> 410.4 | Q11: =$D11*G11 -> 307.8 | R11: =$D11*H11 -> 564.3 | S11: =$D11*I11 -> 342 | T11: =$D11*J11 -> 872.1 | U11: =$D11*K11 -> 307.8 | V11: =$D11*L11 -> 564.3 | W11: =$D11*M11 -> 307.8 | X11: =$D11*N11 -> 461.7 | Y11: =Z11/$Y$2 -> 0.45990654 | Z11: =SUM(O11:X11) -> 4428.9

Sheet FIORINO
A1: FIORINO 1.4 (21/21) | E1: PLANO DE MANUTENÇÃO | T1: CUSTOS DE MANUTENÇÃO [R$] | AI1: Total
T2: =MROUND(SUM(T4:T13),1) -> 600 | U2: =MROUND(SUM(U4:U13),1) -> 805 | V2: =MROUND(SUM(V4:V13),1) -> 1161 | W2: =MROUND(SUM(W4:W13),1) -> 908 | X2: =MROUND(SUM(X4:X13),1) -> 669 | Y2: =MROUND(SUM(Y4:Y13),1) -> 2369 | Z2: =MROUND(SUM(Z4:Z13),1) -> 600 | AA2: =MROUND(SUM(AA4:AA13),1) -> 908 | ... AH2: =MROUND(SUM(AH4:AH13),1) -> 1230 | AI2: =SUM(T2:AH2) -> 15872
A3: Nº | B3: ITENS DE SUBSTITUIÇÃO OBRIGATÓRIA | C3: PN | D3: P. PUB. | E3: 1a | F3: 2a | G3: 3a | H3: 4a | I3: 5a | J3: 6a | K3: 7a | L3: 8a | M3: 9a | N3: 10a | O3: 11ª | P3: 12ª | Q3: 13ª | R3: 14ª | S3: 15ª | T3: 10000 | U3: 20000 | V3: 30000 | W3: 40000 | X3: 50000 | Y3: 60000 | Z3: 70000 | AA3: 80000 | AB3: 90000 | AC3: 100000 | AD3: =AC3+10000 -> 110000 | AE3: =AD3+10000 -> 120000 | AF3: =AE3+10000 -> 130000 | AG3: =AF3+10000 -> 140000 | AH3: =AG3+10000 -> 150000 | AI3: % 100 | AJ3: TTL 100
A4: 1 | B4: VELA IGNICAO | C4: 55226520 | D4: =VLOOKUP(C4,'[1]PREÇO ATUAL'!$A$1:$D$1048576,4,0) -> 41.9 | G4: 4 | J4: 4 | M4: 4 | P4: 4 | S4: 4 | T4: =$D4*E4 -> 0 | U4: =$D4*F4 -> 0 | V4: =$D4*G4 -> 167.6 | W4: =$D4*H4 -> 0 | X4: =$D4*I4 -> 0 | Y4: =$D4*J4 -> 167.6 | Z4: =$D4*K4 -> 0 | AA4: =$D4*L4 -> 0 | ... AH4: =$D4*S4 -> 167.6 | AI4: =AJ4/$AI$2 -> 0.052797379 | AJ4: =SUM(T4:AH4) -> 838
A5: 2 | B5: CORREIA DISTRIBUICAO | C5: 46337687 | D5: =VLOOKUP(C5,'[1]PREÇO ATUAL'!$A$1:$D$1048576,4,0) -> 136.4 | J5: 1 | P5: 1 | T5: =$D5*E5 -> 0 | U5: =$D5*F5 -> 0 | V5: =$D5*G5 -> 0 | W5: =$D5*H5 -> 0 | X5: =$D5*I5 -> 0 | Y5: =$D5*J5 -> 136.4 | Z5: =$D5*K5 -> 0 | AA5: =$D5*L5 -> 0 | ... AH5: =$D5*S5 -> 0 | AI5: =AJ5/$AI$2 -> 0.0171875 | AJ5: =SUM(T5:AH5) -> 272.8
A6: 3 | B6: FILTRO OLEO | C6: 46751179 | D6: =VLOOKUP(C6,'[1]PREÇO ATUAL'!$A$1:$D$1048576,4,0) -> 71.2 | E6: 1 | F6: 1 | G6: 1 | H6: 1 | I6: 1 | J6: 1 | K6: 1 | L6: 1 | M6: 1 | N6: 1 | O6: 1 | P6: 1 | Q6: 1 | R6: 1 | S6: 1 | T6: =$D6*E6 -> 71.2 | U6: =$D6*F6 -> 71.2 | V6: =$D6*G6 -> 71.2 | W6: =$D6*H6 -> 71.2 | X6: =$D6*I6 -> 71.2 | Y6: =$D6*J6 -> 71.2 | Z6: =$D6*K6 -> 71.2 | AA6: =$D6*L6 -> 71.2 | ... AH6: =$D6*S6 -> 71.2 | AI6: =AJ6/$AI$2 -> 0.067288306 | AJ6: =SUM(T6:AH6) -> 1068
A7: 4 | B7: FILTRO COMBUSTIVEL | C7: 52162685 | D7: =VLOOKUP(C7,'[1]PREÇO ATUAL'!$A$1:$D$1048576,4,0) -> 35.9 | F7: 1 | H7: 1 | J7: 1 | L7: 1 | N7: 1 | P7: 1 | R7: 1 | T7: =$D7*E7 -> 0 | U7: =$D7*F7 -> 35.9 | V7: =$D7*G7 -> 0 | W7: =$D7*H7 -> 35.9 | X7: =$D7*I7 -> 0 | Y7: =$D7*J7 -> 35.9 | Z7: =$D7*K7 -> 0 | AA7: =$D7*L7 -> 35.9 | ... AH7: =$D7*S7 -> 0 | AI7: =AJ7/$AI$2 -> 0.015832913 | AJ7: =SUM(T7:AH7) -> 251.3
A8: 5 | B8: ELEMENTO FILTRANTE | C8: 51854598 | D8: =VLOOKUP(C8,'[1]PREÇO ATUAL'!$A$1:$D$1048576,4,0) -> 83.06 | F8: 1 | H8: 1 | J8: 1 | L8: 1 | N8: 1 | P8: 1 | R8: 1 | T8: =$D8*E8 -> 0 | U8: =$D8*F8 -> 83.06 | V8: =$D8*G8 -> 0 | W8: =$D8*H8 -> 83.06 | X8: =$D8*I8 -> 0 | Y8: =$D8*J8 -> 83.06 | Z8: =$D8*K8 -> 0 | AA8: =$D8*L8 -> 83.06 | ... AH8: =$D8*S8 -> 0 | AI8: =AJ8/$AI$2 -> 0.036631804 | AJ8: =SUM(T8:AH8) -> 581.42
A9: 6 | B9: CORREIA TRANSMISSAO C/ AC | C9: 55236185 | D9: =VLOOKUP(C9,'[1]PREÇO ATUAL'!$A$1:$D$1048576,4,0) -> 139.9 | J9: 1 | P9: 1 | T9: =$D9*E9 -> 0 | U9: =$D9*F9 -> 0 | V9: =$D9*G9 -> 0 | W9: =$D9*H9 -> 0 | X9: =$D9*I9 -> 0 | Y9: =$D9*J9 -> 139.9 | Z9: =$D9*K9 -> 0 | AA9: =$D9*L9 -> 0 | ... AH9: =$D9*S9 -> 0 | AI9: =AJ9/$AI$2 -> 0.017628528 | AJ9: =SUM(T9:AH9) -> 279.8
A10: 7 | B10: CORREIA TRANSMISSAO DH | C10: 46744566 | D10: =VLOOKUP(C10,'[1]PREÇO ATUAL'!$A$1:$D$1048576,4,0) -> 25.55 | J10: 1 | T10: =$D10*E10 -> 0 | U10: =$D10*F10 -> 0 | V10: =$D10*G10 -> 0 | W10: =$D10*H10 -> 0 | X10: =$D10*I10 -> 0 | Y10: =$D10*J10 -> 25.55 | Z10: =$D10*K10 -> 0 | AA10: =$D10*L10 -> 0 | ... AH10: =$D10*S10 -> 0 | AI10: =AJ10/$AI$2 -> 0.001609753 | AJ10: =SUM(T10:AH10) -> 25.55
A11: 8 | B11: MOPAR MAXPRO 5W30 (SN/GF-5) | C11: K68218921LA_F | D11: =VLOOKUP(C11,'[1]PREÇO ATUAL'!$A$1:$D$1048576,4,0) -> 75.7 | E11: 2.7 | F11: 2.7 | G11: 2.7 | H11: 2.7 | I11: 2.7 | J11: 2.7 | K11: 2.7 | L11: 2.7 | M11: 2.7 | N11: 2.7 | O11: 2.7 | P11: 2.7 | Q11: 2.7 | R11: 2.7 | S11: 2.7 | T11: =$D11*E11 -> 204.39 | U11: =$D11*F11 -> 204.39 | V11: =$D11*G11 -> 204.39 | W11: =$D11*H11 -> 204.39 | X11: =$D11*I11 -> 204.39 | Y11: =$D11*J11 -> 204.39 | Z11: =$D11*K11 -> 204.39 | AA11: =$D11*L11 -> 204.39 | ... AH11: =$D11*S11 -> 204.39 | AI11: =AJ11/$AI$2 -> 0.19316091 | AJ11: =SUM(T11:AH11) -> 3065.85
A12: 9 | B12: MOPAR BRAKE FLUID DOT 4 - A cada 2 anos | C12: K04549625LA_F | D12: =VLOOKUP(C12,'[1]PREÇO ATUAL'!$A$1:$D$1048576,4,0) -> 33.622493 | T12: =$D12*E12 -> 0 | U12: =$D12*F12 -> 0 | V12: =$D12*G12 -> 0 | W12: =$D12*H12 -> 0 | X12: =$D12*I12 -> 0 | Y12: =$D12*J12 -> 0 | Z12: =$D12*K12 -> 0 | AA12: =$D12*L12 -> 0 | ... AH12: =$D12*S12 -> 0 | AI12: =AJ12/$AI$2 -> 0 | AJ12: =SUM(T12:AH12) -> 0
A13: 10 | B13: Tempo Padrão de Mão-De-Obra [horas] | C13: MO FIAT | D13: =VLOOKUP(C13,'[1]PREÇO ATUAL'!$A$1:$D$1048576,4,0) -> 342 | E13: 0.95 | F13: 1.2 | G13: 2.1 | H13: 1.5 | I13: 1.15 | J13: 4.4 | K13: 0.95 | L13: 1.5 | M13: 2.1 | N13: 1.55 | O13: 0,95 | P13: 4.95 | Q13: 0,95 | R13: 1,20 | S13: 2,30 | T13: =D13*E13 -> 324.9 | U13: =$D13*F13 -> 410.4 | V13: =$D13*G13 -> 718.2 | W13: =$D13*H13 -> 513 | X13: =$D13*I13 -> 393.3 | Y13: =$D13*J13 -> 1504.8 | Z13: =$D13*K13 -> 324.9 | AA13: =$D13*L13 -> 513 | AB13: =$D13*M13 -> 718.2 | ... AH13: =$D13*S13 -> 786.6 | AI13: =AJ13/$AI$2 -> 0.59793977 | AJ13: =SUM(T13:AH13) -> 9490.5
A15: FIORINO 1.4 (21/22) | E15: PLANO DE MANUTENÇÃO | T15: CUSTOS DE MANUTENÇÃO [R$] | AI15: Total
T16: =MROUND(SUM(T18:T28),1) -> 532 | U16: =MROUND(SUM(U18:U28),1) -> 719 | V16: =MROUND(SUM(V18:V28),1) -> 1127 | W16: =MROUND(SUM(W18:W28),1) -> 925 | X16: =MROUND(SUM(X18:X28),1) -> 583 | Y16: =MROUND(SUM(Y18:Y28),1) -> 2266 | Z16: =MROUND(SUM(Z18:Z28),1) -> 532 | AA16: =MROUND(SUM(AA18:AA28),1) -> 771 | ... AH16: =MROUND(SUM(AH18:AH28),1) -> 1230 | AI16: =SUM(T16:AH16) -> 15448
A17: Nº | B17: ITENS DE SUBSTITUIÇÃO OBRIGATÓRIA | C17: PN | D17: P. PUB. | E17: 1a | F17: 2a | G17: 3a | H17: 4a | I17: 5a | J17: 6a | K17: 7a | L17: 8a | M17: 9a | N17: 10a | O17: 11ª | P17: 12ª | Q17: 13ª | R17: 14ª | S17: 15ª | T17: 10000 | U17: 20000 | V17: 30000 | W17: 40000 | X17: 50000 | Y17: 60000 | Z17: 70000 | AA17: 80000 | AB17: 90000 | AC17: 100000 | AD17: =AC17+10000 -> 110000 | AE17: =AD17+10000 -> 120000 | AF17: =AE17+10000 -> 130000 | AG17: =AF17+10000 -> 140000 | AH17: =AG17+10000 -> 150000 | AI17: % 100 | AJ17: TTL 100
A18: 1 | B18: FILTRO OLEO | C18: 46751179 | D18: =VLOOKUP(C18,'[1]PREÇO ATUAL'!$A$1:$D$1048576,4,0) -> 71.2 | E18: 1 | F18: 1 | G18: 1 | H18: 1 | I18: 1 | J18: 1 | K18: 1 | L18: 1 | M18: 1 | N18: 1 | O18: 1 | P18: 1 | Q18: 1 | R18: 1 | S18: 1 | T18: =$D18*E18 -> 71.2 | U18: =$D18*F18 -> 71.2 | V18: =$D18*G18 -> 71.2 | W18: =$D18*H18 -> 71.2 | X18: =$D18*I18 -> 71.2 | Y18: =$D18*J18 -> 71.2 | Z18: =$D18*K18 -> 71.2 | AA18: =$D18*L18 -> 71.2 | ... AH18: =$D18*S18 -> 71.2 | AI18: =AJ18/$AI$16 -> 0.069135163 | AJ18: =SUM(T18:AH18) -> 1068
A19: 2 | B19: FILTRO COMBUSTIVEL | C19: 52162685 | D19: =VLOOKUP(C19,'[1]PREÇO ATUAL'!$A$1:$D$1048576,4,0) -> 35.9 | F19: 1 | H19: 1 | J19: 1 | L19: 1 | N19: 1 | P19: 1 | R19: 1 | T19: =$D19*E19 -> 0 | U19: =$D19*F19 -> 35.9 | V19: =$D19*G19 -> 0 | W19: =$D19*H19 -> 35.9 | X19: =$D19*I19 -> 0 | Y19: =$D19*J19 -> 35.9 | Z19: =$D19*K19 -> 0 | AA19: =$D19*L19 -> 35.9 | ... AH19: =$D19*S19 -> 0 | AI19: =AJ19/$AI$16 -> 0.016267478 | AJ19: =SUM(T19:AH19) -> 251.3
A20: 3 | B20: ELEMENTO FILTRANTE | C20: 51854598 | D20: =VLOOKUP(C20,'[1]PREÇO ATUAL'!$A$1:$D$1048576,4,0) -> 83.06 | F20: 1 | H20: 1 | J20: 1 | L20: 1 | N20: 1 | P20: 1 | R20: 1 | T20: =$D20*E20 -> 0 | U20: =$D20*F20 -> 83.06 | V20: =$D20*G20 -> 0 | W20: =$D20*H20 -> 83.06 | X20: =$D20*I20 -> 0 | Y20: =$D20*J20 -> 83.06 | Z20: =$D20*K20 -> 0 | AA20: =$D20*L20 -> 83.06 | ... AH20: =$D20*S20 -> 0 | AI20: =AJ20/$AI$16 -> 0.037637235 | AJ20: =SUM(T20:AH20) -> 581.42
A21: 4 | B21: VELA IGNICAO | C21: 55226520 | D21: =VLOOKUP(C21,'[1]PREÇO ATUAL'!$A$1:$D$1048576,4,0) -> 41.9 | G21: 4 | J21: 4 | M21: 4 | P21: 4 | S21: 4 | T21: =$D21*E21 -> 0 | U21: =$D21*F21 -> 0 | V21: =$D21*G21 -> 167.6 | W21: =$D21*H21 -> 0 | X21: =$D21*I21 -> 0 | Y21: =$D21*J21 -> 167.6 | Z21: =$D21*K21 -> 0 | AA21: =$D21*L21 -> 0 | ... AH21: =$D21*S21 -> 167.6 | AI21: =AJ21/$AI$16 -> 0.054246504 | AJ21: =SUM(T21:AH21) -> 838
A22: 5 | B22: CORREIA TRANSMISSAO C/ AC | C22: 55236185 | D22: =VLOOKUP(C22,'[1]PREÇO ATUAL'!$A$1:$D$1048576,4,0) -> 139.9 | J22: 1 | P22: 1 | T22: =$D22*E22 -> 0 | U22: =$D22*F22 -> 0 | V22: =$D22*G22 -> 0 | W22: =$D22*H22 -> 0 | X22: =$D22*I22 -> 0 | Y22: =$D22*J22 -> 139.9 | Z22: =$D22*K22 -> 0 | AA22: =$D22*L22 -> 0 | ... AH22: =$D22*S22 -> 0 | AI22: =AJ22/$AI$16 -> 0.018112377 | AJ22: =SUM(T22:AH22) -> 279.8
A23: 6 | B23: CORREIA TRANSMISSAO DH | C23: 46744566 | D23: =VLOOKUP(C23,'[1]PREÇO ATUAL'!$A$1:$D$1048576,4,0) -> 25.55 | J23: 1 | P23: 1 | T23: =$D23*E23 -> 0 | U23: =$D23*F23 -> 0 | V23: =$D23*G23 -> 0 | W23: =$D23*H23 -> 0 | X23: =$D23*I23 -> 0 | Y23: =$D23*J23 -> 25.55 | Z23: =$D23*K23 -> 0 | AA23: =$D23*L23 -> 0 | ... AH23: =$D23*S23 -> 0 | AI23: =AJ23/$AI$16 -> 0.0033078716 | AJ23: =SUM(T23:AH23) -> 51.1
A24: 7 | B24: CORREIA DISTRIBUICAO | C24: 46337687 | D24: =VLOOKUP(C24,'[1]PREÇO ATUAL'!$A$1:$D$1048576,4,0) -> 136.4 | J24: 1 | P24: 1 | T24: =$D24*E24 -> 0 | U24: =$D24*F24 -> 0 | V24: =$D24*G24 -> 0 | W24: =$D24*H24 -> 0 | X24: =$D24*I24 -> 0 | Y24: =$D24*J24 -> 136.4 | Z24: =$D24*K24 -> 0 | AA24: =$D24*L24 -> 0 | ... AH24: =$D24*S24 -> 0 | AI24: =AJ24/$AI$16 -> 0.017659244 | AJ24: =SUM(T24:AH24) -> 272.8
A25: 8 | B25: Correia dos órgão auxiliares DH (a cada 60.000 km ou 4 anos, o que ocorrer primeiro) | C25: 55211240 | D25: =VLOOKUP(C25,'[1]PREÇO ATUAL'!$A$1:$D$1048576,4,0) -> 149.54 | P25: 1 | T25: =$D25*E25 -> 0 | U25: =$D25*F25 -> 0 | V25: =$D25*G25 -> 0 | W25: =$D25*H25 -> 0 | X25: =$D25*I25 -> 0 | Y25: =$D25*J25 -> 0 | Z25: =$D25*K25 -> 0 | AA25: =$D25*L25 -> 0 | ... AH25: =$D25*S25 -> 0 | AI25: =AJ25/$AI$16 -> 0.0096802175 | AJ25: =SUM(T25:AH25) -> 149.54
A26: 9 | B26: MOPAR BRAKE FLUID DOT 4 - A cada 2 anos | C26: K04549625LA_F | D26: =VLOOKUP(C26,'[1]PREÇO ATUAL'!$A$1:$D$1048576,4,0) -> 33.622493 | T26: =$D26*E26 -> 0 | U26: =$D26*F26 -> 0 | V26: =$D26*G26 -> 0 | W26: =$D26*H26 -> 0 | X26: =$D26*I26 -> 0 | Y26: =$D26*J26 -> 0 | Z26: =$D26*K26 -> 0 | AA26: =$D26*L26 -> 0 | ... AH26: =$D26*S26 -> 0 | AI26: =AJ26/$AI$16 -> 0 | AJ26: =SUM(T26:AH26) -> 0
A27: 10 | B27: MOPAR MAXPRO 5W30 (SN/GF-5) | C27: K68218921LA_F | D27: =VLOOKUP(C27,'[1]PREÇO ATUAL'!$A$1:$D$1048576,4,0) -> 75.7 | E27: 2.7 | F27: 2.7 | G27: 2.7 | H27: 2.7 | I27: 2.7 | J27: 2.7 | K27: 2.7 | L27: 2.7 | M27: 2.7 | N27: 2.7 | O27: 2.7 | P27: 2.7 | Q27: 2.7 | R27: 2.7 | S27: 2.7 | T27: =$D27*E27 -> 204.39 | U27: =$D27*F27 -> 204.39 | V27: =$D27*G27 -> 204.39 | W27: =$D27*H27 -> 204.39 | X27: =$D27*I27 -> 204.39 | Y27: =$D27*J27 -> 204.39 | Z27: =$D27*K27 -> 204.39 | AA27: =$D27*L27 -> 204.39 | ... AH27: =$D27*S27 -> 204.39 | AI27: =AJ27/$AI$16 -> 0.19846258 | AJ27: =SUM(T27:AH27) -> 3065.85
A28: 11 | B28: Tempo Padrão de Mão-De-Obra [horas] | C28: MO FIAT | D28: =VLOOKUP(C28,'[1]PREÇO ATUAL'!$A$1:$D$1048576,4,0) -> 342 | E28: 0.75 | F28: 0.95 | G28: 2 | H28: 1.55 | I28: 0.9 | J28: 4.1 | K28: 0.75 | L28: 1.1 | M28: 2 | N28: 1.55 | O28: 0,95 | P28: 4.95 | Q28: 0,95 | R28: 1,20 | S28: 2,30 | T28: =D28*E28 -> 256.5 | U28: =$D28*F28 -> 324.9 | V28: =$D28*G28 -> 684 | W28: =$D28*H28 -> 530.1 | X28: =$D28*I28 -> 307.8 | Y28: =$D28*J28 -> 1402.2 | Z28: =$D28*K28 -> 256.5 | AA28: =$D28*L28 -> 376.2 | AB28: =$D28*M28 -> 684 | ... AH28: =$D28*S28 -> 786.6 | AI28: =AJ28/$AI$16 -> 0.57560849 | AJ28: =SUM(T28:AH28) -> 8892
A30: FIORINO 1.3 | E30: PLANO DE MANUTENÇÃO | T30: CUSTOS DE MANUTENÇÃO [R$] | AI30: Total
T31: =MROUND(SUM(T33:T41),1) -> 630 | U31: =MROUND(SUM(U33:U41),1) -> 824 | V31: =MROUND(SUM(V33:V41),1) -> 647 | W31: =MROUND(SUM(W33:W41),1) -> 1647 | X31: =MROUND(SUM(X33:X41),1) -> 681 | Y31: =MROUND(SUM(Y33:Y41),1) -> 998 | Z31: =MROUND(SUM(Z33:Z41),1) -> 630 | AA31: =MROUND(SUM(AA33:AA41),1) -> 1647 | ... AH31: =MROUND(SUM(AH33:AH41),1) -> 647 | AI31: =SUM(T31:AH31) -> 14760
A32: Nº | B32: ITENS DE SUBSTITUIÇÃO OBRIGATÓRIA | C32: PN | D32: P. PUB. | E32: 1a | F32: 2a | G32: 3a | H32: 4a | I32: 5a | J32: 6a | K32: 7a | L32: 8a | M32: 9a | N32: 10a | O32: 11ª | P32: 12ª | Q32: 13ª | R32: 14ª | S32: 15ª | T32: 10000 | U32: 20000 | V32: 30000 | W32: 40000 | X32: 50000 | Y32: 60000 | Z32: 70000 | AA32: 80000 | AB32: 90000 | AC32: 100000 | AD32: =AC32+10000 -> 110000 | AE32: =AD32+10000 -> 120000 | AF32: =AE32+10000 -> 130000 | AG32: =AF32+10000 -> 140000 | AH32: =AG32+10000 -> 150000 | AI32: =SUM(AI33:AI41) -> 0.90901966 | AJ32: TTL 100
A33: 1 | B33: Filtro de óleo do motor | C33: 7094709 | D33: =VLOOKUP(C33,'[1]PREÇO ATUAL'!$A$1:$D$1048576,4,0) -> 79.9 | E33: 1 | F33: 1 | G33: 1 | H33: 1 | I33: 1 | J33: 1 | K33: 1 | L33: 1 | M33: 1 | N33: 1 | O33: 1 | P33: 1 | Q33: 1 | R33: 1 | S33: 1 | T33: =$D33*E33 -> 79.9 | U33: =$D33*F33 -> 79.9 | V33: =$D33*G33 -> 79.9 | W33: =$D33*H33 -> 79.9 | X33: =$D33*I33 -> 79.9 | Y33: =$D33*J33 -> 79.9 | Z33: =$D33*K33 -> 79.9 | AA33: =$D33*L33 -> 79.9 | ... AH33: =$D33*S33 -> 79.9 | AI33: =AJ33/$AI$2 -> 0.075510333 | AJ33: =SUM(T33:AH33) -> 1198.5
A34: 2 | B34: Filtro de Combustível | C34: 52162685 | D34: =VLOOKUP(C34,'[1]PREÇO ATUAL'!$A$1:$D$1048576,4,0) -> 35.9 | F34: 1 | H34: 1 | J34: 1 | L34: 1 | N34: 1 | P34: 1 | R34: 1 | T34: =$D34*E34 -> 0 | U34: =$D34*F34 -> 35.9 | V34: =$D34*G34 -> 0 | W34: =$D34*H34 -> 35.9 | X34: =$D34*I34 -> 0 | Y34: =$D34*J34 -> 35.9 | Z34: =$D34*K34 -> 0 | AA34: =$D34*L34 -> 35.9 | ... AH34: =$D34*S34 -> 0 | AI34: =AJ34/$AI$2 -> 0.015832913 | AJ34: =SUM(T34:AH34) -> 251.3
A35: 3 | B35: Elemento do filtro de ar do motor | C35: 52046268 | D35: =VLOOKUP(C35,'[1]PREÇO ATUAL'!$A$1:$D$1048576,4,0) -> 89.9 | F35: 1 | H35: 1 | J35: 1 | L35: 1 | N35: 1 | P35: 1 | R35: 1 | T35: =$D35*E35 -> 0 | U35: =$D35*F35 -> 89.9 | V35: =$D35*G35 -> 0 | W35: =$D35*H35 -> 89.9 | X35: =$D35*I35 -> 0 | Y35: =$D35*J35 -> 89.9 | Z35: =$D35*K35 -> 0 | AA35: =$D35*L35 -> 89.9 | ... AH35: =$D35*S35 -> 0 | AI35: =AJ35/$AI$2 -> 0.039648438 | AJ35: =SUM(T35:AH35) -> 629.3
A36: 4 | B36: Velas de Ignição (a cada 40.000 km, independente do tempo) | C36: 55267995 | D36: =VLOOKUP(C36,'[1]PREÇO ATUAL'!$A$1:$D$1048576,4,0) -> 175.9 | H36: 4 | L36: 4 | P36: 4 | T36: =$D36*E36 -> 0 | U36: =$D36*F36 -> 0 | V36: =$D36*G36 -> 0 | W36: =$D36*H36 -> 703.6 | X36: =$D36*I36 -> 0 | Y36: =$D36*J36 -> 0 | Z36: =$D36*K36 -> 0 | AA36: =$D36*L36 -> 703.6 | ... AH36: =$D36*S36 -> 0 | AI36: =AJ36/$AI$2 -> 0.13298891 | AJ36: =SUM(T36:AH36) -> 2110.8
A37: 5 | B37: Correia dos órgão auxiliares (a cada 60.000 km ou 4 anos, o que ocorrer primeiro) | C37: 55236185 | D37: =VLOOKUP(C37,'[1]PREÇO ATUAL'!$A$1:$D$1048576,4,0) -> 139.9 | J37: 1 | P37: 1 | T37: =$D37*E37 -> 0 | U37: =$D37*F37 -> 0 | V37: =$D37*G37 -> 0 | W37: =$D37*H37 -> 0 | X37: =$D37*I37 -> 0 | Y37: =$D37*J37 -> 139.9 | Z37: =$D37*K37 -> 0 | AA37: =$D37*L37 -> 0 | ... AH37: =$D37*S37 -> 0 | AI37: =AJ37/$AI$2 -> 0.017628528 | AJ37: =SUM(T37:AH37) -> 279.8
A38: 6 | B38: Óleo da caixa de cambio mecanica - SAE 75W – API GL4 | C38: 7095576 | D38: =VLOOKUP(C38,'[1]PREÇO ATUAL'!$A$1:$D$1048576,4,0) -> 165.97812 | P38: 2 | T38: =$D38*E38 -> 0 | U38: =$D38*F38 -> 0 | V38: =$D38*G38 -> 0 | W38: =$D38*H38 -> 0 | X38: =$D38*I38 -> 0 | Y38: =$D38*J38 -> 0 | Z38: =$D38*K38 -> 0 | AA38: =$D38*L38 -> 0 | ... AH38: =$D38*S38 -> 0 | AJ38: =SUM(T38:AH38) -> 331.95624
A39: 7 | B39: MOPAR BRAKE FLUID DOT 4 - A cada 2 anos | C39: K04549625LA_F | D39: =VLOOKUP(C39,'[1]PREÇO ATUAL'!$A$1:$D$1048576,4,0) -> 33.622493 | T39: 0 | U39: =$D39*F39 -> 0 | V39: =$D39*G39 -> 0 | W39: =$D39*H39 -> 0 | X39: =$D39*I39 -> 0 | Y39: =$D39*J39 -> 0 | Z39: =$D39*K39 -> 0 | AA39: =$D39*L39 -> 0 | AB39: =$D39*M39 -> 0 | ... AH39: =$D39*S39 -> 0 | AI39: =AJ39/$AI$2 -> 0 | AJ39: =SUM(T39:AH39) -> 0
A40: 8 | B40: Mopar Maxpro Syntetic 0W20 (SP/GF-6A) | C40: K68218951LA_F | D40: =VLOOKUP(C40,'[1]PREÇO ATUAL'!$A$1:$D$1048576,4,0) -> 81.26 | E40: 3.4 | F40: 3.4 | G40: 3.4 | H40: 3.4 | I40: 3.4 | J40: 3.4 | K40: 3.4 | L40: 3.4 | M40: 3.4 | N40: 3.4 | O40: 3.4 | P40: 3.4 | Q40: 3.4 | R40: 3.4 | S40: 3.4 | T40: =$D40*E40 -> 276.284 | U40: =$D40*F40 -> 276.284 | V40: =$D40*G40 -> 276.284 | W40: =$D40*H40 -> 276.284 | X40: =$D40*I40 -> 276.284 | Y40: =$D40*J40 -> 276.284 | Z40: =$D40*K40 -> 276.284 | AA40: =$D40*L40 -> 276.284 | ... AH40: =$D40*S40 -> 276.284 | AI40: =AJ40/$AI$2 -> 0.26110509 | AJ40: =SUM(T40:AH40) -> 4144.26
A41: 9 | B41: Tempo Padrão de Mão-De-Obra [horas] | C41: MO FIAT | D41: =VLOOKUP(C41,'[1]PREÇO ATUAL'!$A$1:$D$1048576,4,0) -> 342 | E41: 0.8 | F41: 1 | G41: 0.85 | H41: 1.35 | I41: 0.95 | J41: 1.1 | K41: 0.8 | L41: 1.35 | M41: 0.85 | N41: 1.15 | O41: 0.85 | P41: 2.75 | Q41: 0.85 | R41: 1.5 | S41: 0.85 | T41: =$D$41*E41 -> 273.6 | U41: =$D$41*F41 -> 342 | V41: =$D$41*G41 -> 290.7 | W41: =$D$41*H41 -> 461.7 | X41: =$D$41*I41 -> 324.9 | Y41: =$D$41*J41 -> 376.2 | Z41: =$D$41*K41 -> 273.6 | AA41: =$D$41*L41 -> 461.7 | ... AH41: =$D$41*S41 -> 290.7 | AI41: =AJ41/$AI$2 -> 0.36630544 | AJ41: =SUM(T41:AH41) -> 5814

Sheet PULSE 1.0T
A1: PULSE 1.0T AT | E1: PLANO DE MANUTENÇÃO | T1: CUSTOS DE MANUTENÇÃO [R$] | AI1: Total
T2: =MROUND(SUM(T4:T10),1) -> 746 | U2: =MROUND(SUM(U4:U10),1) -> 764 | V2: =MROUND(SUM(V4:V10),1) -> 927 | W2: =MROUND(SUM(W4:W10),1) -> 764 | X2: =MROUND(SUM(X4:X10),1) -> 781 | Y2: =MROUND(SUM(Y4:Y10),1) -> 1460 | Z2: =MROUND(SUM(Z4:Z10),1) -> 746 | AA2: =MROUND(SUM(AA4:AA10),1) -> 764 | ... AH2: =MROUND(SUM(AH4:AH10),1) -> 961 | AI2: =SUM(T2:AH2) -> 13422
A3: Nº | B3: ITENS DE SUBSTITUIÇÃO OBRIGATÓRIA | C3: PN | D3: P. PUB. | E3: 1a | F3: 2a | G3: 3a | H3: 4a | I3: 5a | J3: 6a | K3: 7a | L3: 8a | M3: 9a | N3: 10a | O3: 11ª | P3: 12ª | Q3: 13ª | R3: 14ª | S3: 15ª | T3: 10000 | U3: 20000 | V3: 30000 | W3: 40000 | X3: 50000 | Y3: 60000 | Z3: 70000 | AA3: 80000 | AB3: 90000 | AC3: 100000 | AD3: =AC3+10000 -> 110000 | AE3: =AD3+10000 -> 120000 | AF3: =AE3+10000 -> 130000 | AG3: =AF3+10000 -> 140000 | AH3: =AG3+10000 -> 150000 | AI3: =SUM(AI4:AI10) -> 0.99991506 | AJ3: TTL 100
A4: 1 | B4: Filtro de Óleo do Motor | C4: 46347605 | D4: =VLOOKUP(C4,'[1]PREÇO ATUAL'!$A$1:$D$1048576,4,0) -> 112.46 | E4: 1 | F4: 1 | G4: 1 | H4: 1 | I4: 1 | J4: 1 | K4: 1 | L4: 1 | M4: 1 | N4: 1 | O4: 1 | P4: 1 | Q4: 1 | R4: 1 | S4: 1 | T4: =$D4*E4 -> 112.46 | U4: =$D4*F4 -> 112.46 | V4: =$D4*G4 -> 112.46 | W4: =$D4*H4 -> 112.46 | X4: =$D4*I4 -> 112.46 | Y4: =$D4*J4 -> 112.46 | Z4: =$D4*K4 -> 112.46 | AA4: =$D4*L4 -> 112.46 | ... AH4: =$D4*S4 -> 112.46 | AI4: =AJ4/$AI$2 -> 0.12568172 | AJ4: =SUM(T4:AH4) -> 1686.9
A5: 2 | B5: Filtro de Combustível | C5: 53489525 | D5: =VLOOKUP(C5,'[1]PREÇO ATUAL'!$A$1:$D$1048576,4,0) -> 35.9 | E5: 1 | F5: 1 | G5: 1 | H5: 1 | I5: 1 | J5: 1 | K5: 1 | L5: 1 | M5: 1 | N5: 1 | O5: 1 | P5: 1 | Q5: 1 | R5: 1 | S5: 1 | T5: =$D5*E5 -> 35.9 | U5: =$D5*F5 -> 35.9 | V5: =$D5*G5 -> 35.9 | W5: =$D5*H5 -> 35.9 | X5: =$D5*I5 -> 35.9 | Y5: =$D5*J5 -> 35.9 | Z5: =$D5*K5 -> 35.9 | AA5: =$D5*L5 -> 35.9 | ... AH5: =$D5*S5 -> 35.9 | AI5: =AJ5/$AI$2 -> 0.040120697 | AJ5: =SUM(T5:AH5) -> 538.5
A6: 3 | B6: Filtro de Ar | C6: 52079874 | D6: =VLOOKUP(C6,'[1]PREÇO ATUAL'!$A$1:$D$1048576,4,0) -> 180.21 | G6: 1 | J6: 1 | M6: 1 | P6: 1 | S6: 1 | T6: =$D6*E6 -> 0 | U6: =$D6*F6 -> 0 | V6: =$D6*G6 -> 180.21 | W6: =$D6*H6 -> 0 | X6: =$D6*I6 -> 0 | Y6: =$D6*J6 -> 180.21 | Z6: =$D6*K6 -> 0 | AA6: =$D6*L6 -> 0 | ... AH6: =$D6*S6 -> 180.21 | AI6: =AJ6/$AI$2 -> 0.06713232 | AJ6: =SUM(T6:AH6) -> 901.05
A7: 4 | B7: Velas de Ignição | C7: 46336161 | D7: =VLOOKUP(C7,'[1]PREÇO ATUAL'!$A$1:$D$1048576,4,0) -> 155.01 | J7: 3 | P7: 3 | T7: =$D7*E7 -> 0 | U7: =$D7*F7 -> 0 | V7: =$D7*G7 -> 0 | W7: =$D7*H7 -> 0 | X7: =$D7*I7 -> 0 | Y7: =$D7*J7 -> 465.03 | Z7: =$D7*K7 -> 0 | AA7: =$D7*L7 -> 0 | ... AH7: =$D7*S7 -> 0 | AI7: =AJ7/$AI$2 -> 0.069293697 | AJ7: =SUM(T7:AH7) -> 930.06
A8: 5 | B8: MOPAR BRAKE FLUID DOT 4 - A cada 2 anos | C8: K04549625LA_F | D8: =VLOOKUP(C8,'[1]PREÇO ATUAL'!$A$1:$D$1048576,4,0) -> 33.622493 | T8: =$D8*E8 -> 0 | U8: =$D8*F8 -> 0 | V8: =$D8*G8 -> 0 | W8: =$D8*H8 -> 0 | X8: =$D8*I8 -> 0 | Y8: =$D8*J8 -> 0 | Z8: =$D8*K8 -> 0 | AA8: =$D8*L8 -> 0 | ... AH8: =$D8*S8 -> 0 | AI8: =AJ8/$AI$2 -> 0 | AJ8: =SUM(T8:AH8) -> 0
A9: 6 | B9: MOPAR MAXPRO SYNTHETIC 0W30 | C9: K68444160LA_F | D9: =VLOOKUP(C9,'[1]PREÇO ATUAL'!$A$1:$D$1048576,4,0) -> 87.82 | E9: 3.5 | F9: 3.5 | G9: 3.5 | H9: 3.5 | I9: 3.5 | J9: 3.5 | K9: 3.5 | L9: 3.5 | M9: 3.5 | N9: 3.5 | O9: 3.5 | P9: 3.5 | Q9: 3.5 | R9: 3.5 | S9: 3.5 | T9: =$D9*E9 -> 307.37 | U9: =$D9*F9 -> 307.37 | V9: =$D9*G9 -> 307.37 | W9: =$D9*H9 -> 307.37 | X9: =$D9*I9 -> 307.37 | Y9: =$D9*J9 -> 307.37 | Z9: =$D9*K9 -> 307.37 | AA9: =$D9*L9 -> 307.37 | ... AH9: =$D9*S9 -> 307.37 | AI9: =AJ9/$AI$2 -> 0.34350693 | AJ9: =SUM(T9:AH9) -> 4610.55
A10: 7 | B10: Tempo Padrão de Mão-De-Obra [horas] | C10: MO FIAT | D10: =VLOOKUP(C10,'[1]PREÇO ATUAL'!$A$1:$D$1048576,4,0) -> 342 | E10: 0.85 | F10: 0.9 | G10: 0.85 | H10: 0.9 | I10: 0.95 | J10: 1.05 | K10: 0.85 | L10: 0.9 | M10: 0.85 | N10: 1 | O10: 0.85 | P10: 1.25 | Q10: 0.85 | R10: 0.9 | S10: 0.95 | T10: =D10*E10 -> 290.7 | U10: =$D10*F10 -> 307.8 | V10: =$D10*G10 -> 290.7 | W10: =$D10*H10 -> 307.8 | X10: =$D10*I10 -> 324.9 | Y10: =$D10*J10 -> 359.1 | Z10: =$D10*K10 -> 290.7 | AA10: =$D10*L10 -> 307.8 | AB10: =$D10*M10 -> 290.7 | ... AH10: =$D10*S10 -> 324.9 | AI10: =AJ10/$AI$2 -> 0.3541797 | AJ10: =SUM(T10:AH10) -> 4753.8
A12: PULSE 1.0T MT | E12: PLANO DE MANUTENÇÃO | T12: CUSTOS DE MANUTENÇÃO [R$] | AI12: Total
T13: =MROUND(SUM(T15:T22),1) -> 746 | U13: =MROUND(SUM(U15:U22),1) -> 764 | V13: =MROUND(SUM(V15:V22),1) -> 927 | W13: =MROUND(SUM(W15:W22),1) -> 764 | X13: =MROUND(SUM(X15:X22),1) -> 781 | Y13: =MROUND(SUM(Y15:Y22),1) -> 1460 | Z13: =MROUND(SUM(Z15:Z22),1) -> 746 | AA13: =MROUND(SUM(AA15:AA22),1) -> 764 | ... AH13: =MROUND(SUM(AH15:AH22),1) -> 961 | AI13: =SUM(T13:AH13) -> 13754
A14: Nº | B14: ITENS DE SUBSTITUIÇÃO OBRIGATÓRIA | C14: PN | D14: P. PUB. | E14: 1a | F14: 2a | G14: 3a | H14: 4a | I14: 5a | J14: 6a | K14: 7a | L14: 8a | M14: 9a | N14: 10a | O14: 11ª | P14: 12ª | Q14: 13ª | R14: 14ª | S14: 15ª | T14: 10000 | U14: 20000 | V14: 30000 | W14: 40000 | X14: 50000 | Y14: 60000 | Z14: 70000 | AA14: 80000 | AB14: 90000 | AC14: 100000 | AD14: =AC14+10000 -> 110000 | AE14: =AD14+10000 -> 120000 | AF14: =AE14+10000 -> 130000 | AG14: =AF14+10000 -> 140000 | AH14: =AG14+10000 -> 150000 | AI14: =SUM(AI15:AI22) -> 1.0246473 | AJ14: TTL 100
A15: 1 | B15: Filtro de Óleo do Motor | C15: 46347605 | D15: =VLOOKUP(C15,'[1]PREÇO ATUAL'!$A$1:$D$1048576,4,0) -> 112.46 | E15: 1 | F15: 1 | G15: 1 | H15: 1 | I15: 1 | J15: 1 | K15: 1 | L15: 1 | M15: 1 | N15: 1 | O15: 1 | P15: 1 | Q15: 1 | R15: 1 | S15: 1 | T15: =$D15*E15 -> 112.46 | U15: =$D15*F15 -> 112.46 | V15: =$D15*G15 -> 112.46 | W15: =$D15*H15 -> 112.46 | X15: =$D15*I15 -> 112.46 | Y15: =$D15*J15 -> 112.46 | Z15: =$D15*K15 -> 112.46 | AA15: =$D15*L15 -> 112.46 | ... AH15: =$D15*S15 -> 112.46 | AI15: =AJ15/$AI$2 -> 0.12568172 | AJ15: =SUM(T15:AH15) -> 1686.9
A16: 2 | B16: Filtro de Combustível | C16: 53489525 | D16: =VLOOKUP(C16,'[1]PREÇO ATUAL'!$A$1:$D$1048576,4,0) -> 35.9 | E16: 1 | F16: 1 | G16: 1 | H16: 1 | I16: 1 | J16: 1 | K16: 1 | L16: 1 | M16: 1 | N16: 1 | O16: 1 | P16: 1 | Q16: 1 | R16: 1 | S16: 1 | T16: =$D16*E16 -> 35.9 | U16: =$D16*F16 -> 35.9 | V16: =$D16*G16 -> 35.9 | W16: =$D16*H16 -> 35.9 | X16: =$D16*I16 -> 35.9 | Y16: =$D16*J16 -> 35.9 | Z16: =$D16*K16 -> 35.9 | AA16: =$D16*L16 -> 35.9 | ... AH16: =$D16*S16 -> 35.9 | AI16: =AJ16/$AI$2 -> 0.040120697 | AJ16: =SUM(T16:AH16) -> 538.5
A17: 3 | B17: Filtro de Ar | C17: 52079874 | D17: =VLOOKUP(C17,'[1]PREÇO ATUAL'!$A$1:$D$1048576,4,0) -> 180.21 | G17: 1 | J17: 1 | M17: 1 | P17: 1 | S17: 1 | T17: =$D17*E17 -> 0 | U17: =$D17*F17 -> 0 | V17: =$D17*G17 -> 180.21 | W17: =$D17*H17 -> 0 | X17: =$D17*I17 -> 0 | Y17: =$D17*J17 -> 180.21 | Z17: =$D17*K17 -> 0 | AA17: =$D17*L17 -> 0 | ... AH17: =$D17*S17 -> 180.21 | AI17: =AJ17/$AI$2 -> 0.06713232 | AJ17: =SUM(T17:AH17) -> 901.05
A18: 4 | B18: Velas de Ignição | C18: 46336161 | D18: =VLOOKUP(C18,'[1]PREÇO ATUAL'!$A$1:$D$1048576,4,0) -> 155.01 | J18: 3 | P18: 3 | T18: =$D18*E18 -> 0 | U18: =$D18*F18 -> 0 | V18: =$D18*G18 -> 0 | W18: =$D18*H18 -> 0 | X18: =$D18*I18 -> 0 | Y18: =$D18*J18 -> 465.03 | Z18: =$D18*K18 -> 0 | AA18: =$D18*L18 -> 0 | ... AH18: =$D18*S18 -> 0 | AI18: =AJ18/$AI$2 -> 0.069293697 | AJ18: =SUM(T18:AH18) -> 930.06
A19: 5 | B19: MOPAR BRAKE FLUID DOT 4 - A cada 2 anos | C19: K04549625LA_F | D19: =VLOOKUP(C19,'[1]PREÇO ATUAL'!$A$1:$D$1048576,4,0) -> 33.622493 | T19: =$D19*E19 -> 0 | U19: =$D19*F19 -> 0 | V19: =$D19*G19 -> 0 | W19: =$D19*H19 -> 0 | X19: =$D19*I19 -> 0 | Y19: =$D19*J19 -> 0 | Z19: =$D19*K19 -> 0 | AA19: =$D19*L19 -> 0 | ... AH19: =$D19*S19 -> 0 | AI19: =AJ19/$AI$2 -> 0 | AJ19: =SUM(T19:AH19) -> 0
B20: Substituição do óleo da caixa de cambio mecanica | C20: 7095576 | D20: =VLOOKUP(C20,'[1]PREÇO ATUAL'!$A$1:$D$1048576,4,0) -> 165.97812 | P20: 2 | T20: =$D20*E20 -> 0 | U20: =$D20*F20 -> 0 | V20: =$D20*G20 -> 0 | W20: =$D20*H20 -> 0 | X20: =$D20*I20 -> 0 | Y20: =$D20*J20 -> 0 | Z20: =$D20*K20 -> 0 | AA20: =$D20*L20 -> 0 | ... AH20: =$D20*S20 -> 0 | AI20: =AJ20/$AI$2 -> 0.024732249 | AJ20: =SUM(T20:AH20) -> 331.95624
A21: 6 | B21: MOPAR MAXPRO SYNTHETIC 0W30 | C21: K68444160LA_F | D21: =VLOOKUP(C21,'[1]PREÇO ATUAL'!$A$1:$D$1048576,4,0) -> 87.82 | E21: 3.5 | F21: 3.5 | G21: 3.5 | H21: 3.5 | I21: 3.5 | J21: 3.5 | K21: 3.5 | L21: 3.5 | M21: 3.5 | N21: 3.5 | O21: 3.5 | P21: 3.5 | Q21: 3.5 | R21: 3.5 | S21: 3.5 | T21: =$D21*E21 -> 307.37 | U21: =$D21*F21 -> 307.37 | V21: =$D21*G21 -> 307.37 | W21: =$D21*H21 -> 307.37 | X21: =$D21*I21 -> 307.37 | Y21: =$D21*J21 -> 307.37 | Z21: =$D21*K21 -> 307.37 | AA21: =$D21*L21 -> 307.37 | ... AH21: =$D21*S21 -> 307.37 | AI21: =AJ21/$AI$2 -> 0.34350693 | AJ21: =SUM(T21:AH21) -> 4610.55
A22: 7 | B22: Tempo Padrão de Mão-De-Obra [horas] | C22: MO FIAT | D22: =VLOOKUP(C22,'[1]PREÇO ATUAL'!$A$1:$D$1048576,4,0) -> 342 | E22: 0.85 | F22: 0.9 | G22: 0.85 | H22: 0.9 | I22: 0.95 | J22: 1.05 | K22: 0.85 | L22: 0.9 | M22: 0.85 | N22: 1 | O22: 0.85 | P22: 1.25 | Q22: 0.85 | R22: 0.9 | S22: 0.95 | T22: =D22*E22 -> 290.7 | U22: =$D22*F22 -> 307.8 | V22: =$D22*G22 -> 290.7 | W22: =$D22*H22 -> 307.8 | X22: =$D22*I22 -> 324.9 | Y22: =$D22*J22 -> 359.1 | Z22: =$D22*K22 -> 290.7 | AA22: =$D22*L22 -> 307.8 | AB22: =$D22*M22 -> 290.7 | ... AH22: =$D22*S22 -> 324.9 | AI22: =AJ22/$AI$2 -> 0.3541797 | AJ22: =SUM(T22:AH22) -> 4753.8

Sheet PULSE 1.3
A1: PULSE 1.3 AT | E1: PLANO DE MANUTENÇÃO | T1: CUSTOS DE MANUTENÇÃO [R$] | AI1: Total
T2: =MROUND(SUM(T4:T11),1) -> 627 | U2: =MROUND(SUM(U4:U11),1) -> 714 | V2: =MROUND(SUM(V4:V11),1) -> 716 | W2: =MROUND(SUM(W4:W11),1) -> 1520 | X2: =MROUND(SUM(X4:X11),1) -> 678 | Y2: =MROUND(SUM(Y4:Y11),1) -> 947 | Z2: =MROUND(SUM(Z4:Z11),1) -> 627 | AA2: =MROUND(SUM(AA4:AA11),1) -> 1520 | ... AH2: =MROUND(SUM(AH4:AH11),1) -> 768 | AI2: =SUM(T2:AH2) -> 13407
A3: Nº | B3: ITENS DE SUBSTITUIÇÃO OBRIGATÓRIA | C3: PN | D3: P. PUB. | E3: 1a | F3: 2a | G3: 3a | H3: 4a | I3: 5a | J3: 6a | K3: 7a | L3: 8a | M3: 9a | N3: 10a | O3: 11ª | P3: 12ª | Q3: 13ª | R3: 14ª | S3: 15ª | T3: 10000 | U3: 20000 | V3: 30000 | W3: 40000 | X3: 50000 | Y3: 60000 | Z3: 70000 | AA3: 80000 | AB3: 90000 | AC3: 100000 | AD3: =AC3+10000 -> 110000 | AE3: =AD3+10000 -> 120000 | AF3: =AE3+10000 -> 130000 | AG3: =AF3+10000 -> 140000 | AH3: =AG3+10000 -> 150000 | AI3: =SUM(AI4:AI11) -> 0.9999824 | AJ3: TTL 100
A4: 1 | B4: Filtro de Óleo do Motor | C4: 7094709 | D4: =VLOOKUP(C4,'[1]PREÇO ATUAL'!$A$1:$D$1048576,4,0) -> 79.9 | E4: 1 | F4: 1 | G4: 1 | H4: 1 | I4: 1 | J4: 1 | K4: 1 | L4: 1 | M4: 1 | N4: 1 | O4: 1 | P4: 1 | Q4: 1 | R4: 1 | S4: 1 | T4: =$D4*E4 -> 79.9 | U4: =$D4*F4 -> 79.9 | V4: =$D4*G4 -> 79.9 | W4: =$D4*H4 -> 79.9 | X4: =$D4*I4 -> 79.9 | Y4: =$D4*J4 -> 79.9 | Z4: =$D4*K4 -> 79.9 | AA4: =$D4*L4 -> 79.9 | ... AH4: =$D4*S4 -> 79.9 | AI4: =AJ4/$AI$2 -> 0.0893936 | AJ4: =SUM(T4:AH4) -> 1198.5
A5: 2 | B5: Filtro de Combustível | C5: 52162685 | D5: =VLOOKUP(C5,'[1]PREÇO ATUAL'!$A$1:$D$1048576,4,0) -> 35.9 | F5: 1 | H5: 1 | J5: 1 | L5: 1 | N5: 1 | P5: 1 | R5: 1 | T5: =$D5*E5 -> 0 | U5: =$D5*F5 -> 35.9 | V5: =$D5*G5 -> 0 | W5: =$D5*H5 -> 35.9 | X5: =$D5*I5 -> 0 | Y5: =$D5*J5 -> 35.9 | Z5: =$D5*K5 -> 0 | AA5: =$D5*L5 -> 35.9 | ... AH5: =$D5*S5 -> 0 | AI5: =AJ5/$AI$2 -> 0.01874394 | AJ5: =SUM(T5:AH5) -> 251.3
A6: 3 | B6: Filtro de Ar | C6: 52046268 | D6: =VLOOKUP(C6,'[1]PREÇO ATUAL'!$A$1:$D$1048576,4,0) -> 89.9 | G6: 1 | J6: 1 | M6: 1 | O6: 1 | Q6: 1 | S6: 1 | T6: =$D6*E6 -> 0 | U6: =$D6*F6 -> 0 | V6: =$D6*G6 -> 89.9 | W6: =$D6*H6 -> 0 | X6: =$D6*I6 -> 0 | Y6: =$D6*J6 -> 89.9 | Z6: =$D6*K6 -> 0 | AA6: =$D6*L6 -> 0 | ... AH6: =$D6*S6 -> 89.9 | AI6: =AJ6/$AI$2 -> 0.040232714 | AJ6: =SUM(T6:AH6) -> 539.4
A7: 4 | B7: Velas de Ignição | C7: 55267995 | D7: =VLOOKUP(C7,'[1]PREÇO ATUAL'!$A$1:$D$1048576,4,0) -> 175.9 | H7: 4 | L7: 4 | P7: 4 | T7: =$D7*E7 -> 0 | U7: =$D7*F7 -> 0 | V7: =$D7*G7 -> 0 | W7: =$D7*H7 -> 703.6 | X7: =$D7*I7 -> 0 | Y7: =$D7*J7 -> 0 | Z7: =$D7*K7 -> 0 | AA7: =$D7*L7 -> 703.6 | ... AH7: =$D7*S7 -> 0 | AI7: =AJ7/$AI$2 -> 0.15744014 | AJ7: =SUM(T7:AH7) -> 2110.8
A8: 5 | B8: Correia dos Órgãos Auxiliares | C8: 55267966 | D8: =VLOOKUP(C8,'[1]PREÇO ATUAL'!$A$1:$D$1048576,4,0) -> 143.23 | J8: 1 | P8: 1 | T8: =$D8*E8 -> 0 | U8: =$D8*F8 -> 0 | V8: =$D8*G8 -> 0 | W8: =$D8*H8 -> 0 | X8: =$D8*I8 -> 0 | Y8: =$D8*J8 -> 143.23 | Z8: =$D8*K8 -> 0 | AA8: =$D8*L8 -> 0 | ... AH8: =$D8*S8 -> 0 | AI8: =AJ8/$AI$2 -> 0.02136645 | AJ8: =SUM(T8:AH8) -> 286.46
A9: 6 | B9: MOPAR BRAKE FLUID DOT 4 - A cada 2 anos | C9: K04549625LA_F | D9: =VLOOKUP(C9,'[1]PREÇO ATUAL'!$A$1:$D$1048576,4,0) -> 33.622493 | T9: 0 | U9: =$D9*F9 -> 0 | V9: =$D9*G9 -> 0 | W9: =$D9*H9 -> 0 | X9: =$D9*I9 -> 0 | Y9: =$D9*J9 -> 0 | Z9: =$D9*K9 -> 0 | AA9: =$D9*L9 -> 0 | AB9: =$D9*M9 -> 0 | ... AH9: =$D9*S9 -> 0 | AI9: =AJ9/$AI$2 -> 0 | AJ9: =SUM(T9:AH9) -> 0
A10: 7 | B10: MOPAR MAXPRO SYNTHETIC 0W20 (SP/GF-6A) | C10: K68218951LA_F | D10: =VLOOKUP(C10,'[1]PREÇO ATUAL'!$A$1:$D$1048576,4,0) -> 81.26 | E10: 3.36 | F10: 3.36 | G10: 3.36 | H10: 3.36 | I10: 3.36 | J10: 3.36 | K10: 3.36 | L10: 3.36 | M10: 3.36 | N10: 3.36 | O10: 3.36 | P10: 3.36 | Q10: 3.36 | R10: 3.36 | S10: 3.36 | T10: =$D$10*E10 -> 273.0336 | U10: =$D$10*F10 -> 273.0336 | V10: =$D$10*G10 -> 273.0336 | W10: =$D$10*H10 -> 273.0336 | X10: =$D$10*I10 -> 273.0336 | Y10: =$D$10*J10 -> 273.0336 | Z10: =$D$10*K10 -> 273.0336 | AA10: =$D$10*L10 -> 273.0336 | ... AH10: =$D$10*S10 -> 273.0336 | AI10: =AJ10/$AI$2 -> 0.30547505 | AJ10: =SUM(T10:AH10) -> 4095.504
A11: 8 | B11: Tempo Padrão de Mão-De-Obra [horas] | C11: MO FIAT | D11: =VLOOKUP(C11,'[1]PREÇO ATUAL'!$A$1:$D$1048576,4,0) -> 342 | E11: 0.8 | F11: 0.95 | G11: 0.8 | H11: 1.25 | I11: 0.95 | J11: 0.95 | K11: 0.8 | L11: 1.25 | M11: 0.8 | N11: 1.1 | O11: 0.8 | P11: 1.25 | Q11: 0.8 | R11: 0.95 | S11: 0.95 | T11: =D11*E11 -> 273.6 | U11: =$D$11*F11 -> 324.9 | V11: =$D$11*G11 -> 273.6 | W11: =$D$11*H11 -> 427.5 | X11: =$D$11*I11 -> 324.9 | Y11: =$D$11*J11 -> 324.9 | Z11: =$D$11*K11 -> 273.6 | AA11: =$D$11*L11 -> 427.5 | AB11: =$D$11*M11 -> 273.6 | ... AH11: =$D$11*S11 -> 324.9 | AI11: =AJ11/$AI$2 -> 0.3673305 | AJ11: =SUM(T11:AH11) -> 4924.8
A13: PULSE 1.3 MT | E13: PLANO DE MANUTENÇÃO | T13: CUSTOS DE MANUTENÇÃO [R$] | AI13: Total
T14: =MROUND(SUM(T16:T24),1) -> 627 | U14: =MROUND(SUM(U16:U24),1) -> 714 | V14: =MROUND(SUM(V16:V24),1) -> 716 | W14: =MROUND(SUM(W16:W24),1) -> 1520 | X14: =MROUND(SUM(X16:X24),1) -> 678 | Y14: =MROUND(SUM(Y16:Y24),1) -> 947 | Z14: =MROUND(SUM(Z16:Z24),1) -> 627 | AA14: =MROUND(SUM(AA16:AA24),1) -> 1520 | ... AH14: =MROUND(SUM(AH16:AH24),1) -> 768 | AI14: =SUM(T14:AH14) -> 13651
A15: Nº | B15: ITENS DE SUBSTITUIÇÃO OBRIGATÓRIA | C15: PN | D15: P. PUB. | E15: 1a | F15: 2a | G15: 3a | H15: 4a | I15: 5a | J15: 6a | K15: 7a | L15: 8a | M15: 9a | N15: 10a | O15: 11ª | P15: 12ª | Q15: 13ª | R15: 14ª | S15: 15ª | T15: 10000 | U15: 20000 | V15: 30000 | W15: 40000 | X15: 50000 | Y15: 60000 | Z15: 70000 | AA15: 80000 | AB15: 90000 | AC15: 100000 | AD15: =AC15+10000 -> 110000 | AE15: =AD15+10000 -> 120000 | AF15: =AE15+10000 -> 130000 | AG15: =AF15+10000 -> 140000 | AH15: =AG15+10000 -> 150000 | AI15: =SUM(AI16:AI24) -> 1.0180369 | AJ15: TTL 100
A16: 1 | B16: Filtro de Óleo do Motor | C16: 7094709 | D16: =VLOOKUP(C16,'[1]PREÇO ATUAL'!$A$1:$D$1048576,4,0) -> 79.9 | E16: 1 | F16: 1 | G16: 1 | H16: 1 | I16: 1 | J16: 1 | K16: 1 | L16: 1 | M16: 1 | N16: 1 | O16: 1 | P16: 1 | Q16: 1 | R16: 1 | S16: 1 | T16: =$D16*E16 -> 79.9 | U16: =$D16*F16 -> 79.9 | V16: =$D16*G16 -> 79.9 | W16: =$D16*H16 -> 79.9 | X16: =$D16*I16 -> 79.9 | Y16: =$D16*J16 -> 79.9 | Z16: =$D16*K16 -> 79.9 | AA16: =$D16*L16 -> 79.9 | ... AH16: =$D16*S16 -> 79.9 | AI16: =AJ16/$AI$2 -> 0.0893936 | AJ16: =SUM(T16:AH16) -> 1198.5
A17: 2 | B17: Filtro de Combustível | C17: 52162685 | D17: =VLOOKUP(C17,'[1]PREÇO ATUAL'!$A$1:$D$1048576,4,0) -> 35.9 | F17: 1 | H17: 1 | J17: 1 | L17: 1 | N17: 1 | P17: 1 | R17: 1 | T17: =$D17*E17 -> 0 | U17: =$D17*F17 -> 35.9 | V17: =$D17*G17 -> 0 | W17: =$D17*H17 -> 35.9 | X17: =$D17*I17 -> 0 | Y17: =$D17*J17 -> 35.9 | Z17: =$D17*K17 -> 0 | AA17: =$D17*L17 -> 35.9 | ... AH17: =$D17*S17 -> 0 | AI17: =AJ17/$AI$2 -> 0.01874394 | AJ17: =SUM(T17:AH17) -> 251.3
A18: 3 | B18: Filtro de Ar | C18: 52046268 | D18: =VLOOKUP(C18,'[1]PREÇO ATUAL'!$A$1:$D$1048576,4,0) -> 89.9 | G18: 1 | J18: 1 | M18: 1 | P18: 1 | S18: 1 | T18: =$D18*E18 -> 0 | U18: =$D18*F18 -> 0 | V18: =$D18*G18 -> 89.9 | W18: =$D18*H18 -> 0 | X18: =$D18*I18 -> 0 | Y18: =$D18*J18 -> 89.9 | Z18: =$D18*K18 -> 0 | AA18: =$D18*L18 -> 0 | ... AH18: =$D18*S18 -> 89.9 | AI18: =AJ18/$AI$2 -> 0.033527262 | AJ18: =SUM(T18:AH18) -> 449.5
A19: 4 | B19: Velas de Ignição | C19: 55267995 | D19: =VLOOKUP(C19,'[1]PREÇO ATUAL'!$A$1:$D$1048576,4,0) -> 175.9 | H19: 4 | L19: 4 | P19: 4 | T19: =$D19*E19 -> 0 | U19: =$D19*F19 -> 0 | V19: =$D19*G19 -> 0 | W19: =$D19*H19 -> 703.6 | X19: =$D19*I19 -> 0 | Y19: =$D19*J19 -> 0 | Z19: =$D19*K19 -> 0 | AA19: =$D19*L19 -> 703.6 | ... AH19: =$D19*S19 -> 0 | AI19: =AJ19/$AI$2 -> 0.15744014 | AJ19: =SUM(T19:AH19) -> 2110.8
A20: 5 | B20: Correia dos Órgãos Auxiliares | C20: 55267966 | D20: =VLOOKUP(C20,'[1]PREÇO ATUAL'!$A$1:$D$1048576,4,0) -> 143.23 | J20: 1 | P20: 1 | T20: =$D20*E20 -> 0 | U20: =$D20*F20 -> 0 | V20: =$D20*G20 -> 0 | W20: =$D20*H20 -> 0 | X20: =$D20*I20 -> 0 | Y20: =$D20*J20 -> 143.23 | Z20: =$D20*K20 -> 0 | AA20: =$D20*L20 -> 0 | ... AH20: =$D20*S20 -> 0 | AI20: =AJ20/$AI$2 -> 0.02136645 | AJ20: =SUM(T20:AH20) -> 286.46
A21: 6 | B21: MOPAR BRAKE FLUID DOT 4 - A cada 2 anos | C21: K04549625LA_F | D21: =VLOOKUP(C21,'[1]PREÇO ATUAL'!$A$1:$D$1048576,4,0) -> 33.622493 | T21: 0 | U21: =$D21*F21 -> 0 | V21: =$D21*G21 -> 0 | W21: =$D21*H21 -> 0 | X21: =$D21*I21 -> 0 | Y21: =$D21*J21 -> 0 | Z21: =$D21*K21 -> 0 | AA21: =$D21*L21 -> 0 | AB21: =$D21*M21 -> 0 | ... AH21: =$D21*S21 -> 0 | AI21: =AJ21/$AI$2 -> 0 | AJ21: =SUM(T21:AH21) -> 0
A22: 7 | B22: Substituição do óleo da caixa de cambio mecanica | C22: 7095576 | D22: =VLOOKUP(C22,'[1]PREÇO ATUAL'!$A$1:$D$1048576,4,0) -> 165.97812 | P22: 2 | T22: =$D22*E22 -> 0 | U22: =$D22*F22 -> 0 | V22: =$D22*G22 -> 0 | W22: =$D22*H22 -> 0 | X22: =$D22*I22 -> 0 | Y22: =$D22*J22 -> 0 | Z22: =$D22*K22 -> 0 | AA22: =$D22*L22 -> 0 | ... AH22: =$D22*S22 -> 0 | AI22: =AJ22/$AI$2 -> 0.024759919 | AJ22: =SUM(T22:AH22) -> 331.95624
A23: 8 | B23: MOPAR MAXPRO SYNTHETIC 0W20 (SP/GF-6A) | C23: K68218951LA_F | D23: =VLOOKUP(C23,'[1]PREÇO ATUAL'!$A$1:$D$1048576,4,0) -> 81.26 | E23: 3.36 | F23: 3.36 | G23: 3.36 | H23: 3.36 | I23: 3.36 | J23: 3.36 | K23: 3.36 | L23: 3.36 | M23: 3.36 | N23: 3.36 | O23: 3.36 | P23: 3.36 | Q23: 3.36 | R23: 3.36 | S23: 3.36 | T23: =$D$10*E23 -> 273.0336 | U23: =$D$10*F23 -> 273.0336 | V23: =$D$10*G23 -> 273.0336 | W23: =$D$10*H23 -> 273.0336 | X23: =$D$10*I23 -> 273.0336 | Y23: =$D$10*J23 -> 273.0336 | Z23: =$D$10*K23 -> 273.0336 | AA23: =$D$10*L23 -> 273.0336 | ... AH23: =$D$10*S23 -> 273.0336 | AI23: =AJ23/$AI$2 -> 0.30547505 | AJ23: =SUM(T23:AH23) -> 4095.504
A24: 9 | B24: Tempo Padrão de Mão-De-Obra [horas] | C24: MO FIAT | D24: =VLOOKUP(C24,'[1]PREÇO ATUAL'!$A$1:$D$1048576,4,0) -> 342 | E24: 0.8 | F24: 0.95 | G24: 0.8 | H24: 1.25 | I24: 0.95 | J24: 0.95 | K24: 0.8 | L24: 1.25 | M24: 0.8 | N24: 1.1 | O24: 0.8 | P24: 1.25 | Q24: 0.8 | R24: 0.95 | S24: 0.95 | T24: =D24*E24 -> 273.6 | U24: =$D$11*F24 -> 324.9 | V24: =$D$11*G24 -> 273.6 | W24: =$D$11*H24 -> 427.5 | X24: =$D$11*I24 -> 324.9 | Y24: =$D$11*J24 -> 324.9 | Z24: =$D$11*K24 -> 273.6 | AA24: =$D$11*L24 -> 427.5 | AB24: =$D$11*M24 -> 273.6 | ... AH24: =$D$11*S24 -> 324.9 | AI24: =AJ24/$AI$2 -> 0.3673305 | AJ24: =SUM(T24:AH24) -> 4924.8

Sheet PULSE ABARTH
A1: PULSE ABARTH 1.3T | E1: PLANO DE MANUTENÇÃO | O1: CUSTOS DE MANUTENÇÃO [R$] | Y1: Total
O2: =MROUND(SUM(O4:O10),1) -> 861 | P2: =MROUND(SUM(P4:P10),1) -> 992 | Q2: =MROUND(SUM(Q4:Q10),1) -> 861 | R2: =MROUND(SUM(R4:R10),1) -> 1009 | S2: =MROUND(SUM(S4:S10),1) -> 895 | T2: =MROUND(SUM(T4:T10),1) -> 1697 | U2: =MROUND(SUM(U4:U10),1) -> 861 | V2: =MROUND(SUM(V4:V10),1) -> 1009 | ... X2: =MROUND(SUM(X4:X10),1) -> 1026 | Y2: =SUM(O2:X2) -> 10072
A3: Nº | B3: ITENS DE SUBSTITUIÇÃO OBRIGATÓRIA | C3: PN | D3: P. PUB. | E3: 1a | F3: 2a | G3: 3a | H3: 4a | I3: 5a | J3: 6a | K3: 7a | L3: 8a | M3: 9a | N3: 10a | O3: 10000 | P3: 20000 | Q3: 30000 | R3: 40000 | S3: 50000 | T3: 60000 | U3: 70000 | V3: 80000 | W3: 90000 | X3: 100000 | Y3: =SUM(Y4:Y10) -> 0.99984611 | Z3: TTL 100
A4: 1 | B4: Filtro de Óleo do Motor | C4: 46347605 | D4: =VLOOKUP(C4,'[1]PREÇO ATUAL'!$A$1:$D$1048576,4,0) -> 112.46 | E4: 1 | F4: 1 | G4: 1 | H4: 1 | I4: 1 | J4: 1 | K4: 1 | L4: 1 | M4: 1 | N4: 1 | O4: =$D4*E4 -> 112.46 | P4: =$D4*F4 -> 112.46 | Q4: =$D4*G4 -> 112.46 | R4: =$D4*H4 -> 112.46 | S4: =$D4*I4 -> 112.46 | T4: =$D4*J4 -> 112.46 | U4: =$D4*K4 -> 112.46 | V4: =$D4*L4 -> 112.46 | ... X4: =$D4*N4 -> 112.46 | Y4: =Z4/$Y$2 -> 0.11165608 | Z4: =SUM(O4:X4) -> 1124.6
A5: 2 | B5: Filtro de Combustível | C5: 53489525 | D5: =VLOOKUP(C5,'[1]PREÇO ATUAL'!$A$1:$D$1048576,4,0) -> 35.9 | E5: 1 | F5: 1 | G5: 1 | H5: 1 | I5: 1 | J5: 1 | K5: 1 | L5: 1 | M5: 1 | N5: 1 | O5: =$D5*E5 -> 35.9 | P5: =$D5*F5 -> 35.9 | Q5: =$D5*G5 -> 35.9 | R5: =$D5*H5 -> 35.9 | S5: =$D5*I5 -> 35.9 | T5: =$D5*J5 -> 35.9 | U5: =$D5*K5 -> 35.9 | V5: =$D5*L5 -> 35.9 | ... X5: =$D5*N5 -> 35.9 | Y5: =Z5/$Y$2 -> 0.035643368 | Z5: =SUM(O5:X5) -> 359
A6: 3 | B6: Filtro de Ar | C6: 52080841 | D6: =VLOOKUP(C6,'[1]PREÇO ATUAL'!$A$1:$D$1048576,4,0) -> 114.17 | F6: 1 | H6: 1 | J6: 1 | L6: 1 | N6: 1 | O6: =$D6*E6 -> 0 | P6: =$D6*F6 -> 114.17 | Q6: =$D6*G6 -> 0 | R6: =$D6*H6 -> 114.17 | S6: =$D6*I6 -> 0 | T6: =$D6*J6 -> 114.17 | U6: =$D6*K6 -> 0 | V6: =$D6*L6 -> 114.17 | ... X6: =$D6*N6 -> 114.17 | Y6: =Z6/$Y$2 -> 0.056676926 | Z6: =SUM(O6:X6) -> 570.85
A7: 4 | B7: Velas de Ignição | C7: 46336161 | D7: =VLOOKUP(C7,'[1]PREÇO ATUAL'!$A$1:$D$1048576,4,0) -> 155.01 | J7: 4 | O7: =$D7*E7 -> 0 | P7: =$D7*F7 -> 0 | Q7: =$D7*G7 -> 0 | R7: =$D7*H7 -> 0 | S7: =$D7*I7 -> 0 | T7: =$D7*J7 -> 620.04 | U7: =$D7*K7 -> 0 | V7: =$D7*L7 -> 0 | ... X7: =$D7*N7 -> 0 | Y7: =Z7/$Y$2 -> 0.061560763 | Z7: =SUM(O7:X7) -> 620.04
A8: 5 | B8: MOPAR BRAKE FLUID DOT 4 - A cada 2 anos | C8: K04549625LA_F | D8: =VLOOKUP(C8,'[1]PREÇO ATUAL'!$A$1:$D$1048576,4,0) -> 33.622493 | O8: 0 | P8: =$D8*F8 -> 0 | Q8: =$D8*G8 -> 0 | R8: =$D8*H8 -> 0 | S8: =$D8*I8 -> 0 | T8: =$D8*J8 -> 0 | U8: =$D8*K8 -> 0 | V8: =$D8*L8 -> 0 | W8: =$D8*M8 -> 0 | X8: =$D8*N8 -> 0 | Y8: =Z8/$Y$2 -> 0 | Z8: =SUM(O8:X8) -> 0
A9: 6 | B9: MOPAR MAXPRO SYNTHETIC 0W30 | C9: K68444160LA_F | D9: =VLOOKUP(C9,'[1]PREÇO ATUAL'!$A$1:$D$1048576,4,0) -> 87.82 | E9: 4.8 | F9: 4.8 | G9: 4.8 | H9: 4.8 | I9: 4.8 | J9: 4.8 | K9: 4.8 | L9: 4.8 | M9: 4.8 | N9: 4.8 | O9: =$D$9*E9 -> 421.536 | P9: =$D$9*F9 -> 421.536 | Q9: =$D$9*G9 -> 421.536 | R9: =$D$9*H9 -> 421.536 | S9: =$D$9*I9 -> 421.536 | T9: =$D$9*J9 -> 421.536 | U9: =$D$9*K9 -> 421.536 | V9: =$D$9*L9 -> 421.536 | ... X9: =$D$9*N9 -> 421.536 | Y9: =Z9/$Y$2 -> 0.41852264 | Z9: =SUM(O9:X9) -> 4215.36
A10: 7 | B10: Tempo Padrão de Mão-De-Obra [horas] | C10: MO FIAT | D10: =VLOOKUP(C10,'[1]PREÇO ATUAL'!$A$1:$D$1048576,4,0) -> 342 | E10: 0.85 | F10: 0.9 | G10: 0.85 | H10: 0.95 | I10: 0.95 | J10: 1.15 | K10: 0.85 | L10: 0.95 | M10: 0.85 | N10: 1 | O10: =D10*E10 -> 290.7 | P10: =$D$10*F10 -> 307.8 | Q10: =$D$10*G10 -> 290.7 | R10: =$D$10*H10 -> 324.9 | S10: =$D$10*I10 -> 324.9 | T10: =$D$10*J10 -> 393.3 | U10: =$D$10*K10 -> 290.7 | V10: =$D$10*L10 -> 324.9 | W10: =$D$10*M10 -> 290.7 | X10: =$D$10*N10 -> 342 | Y10: =Z10/$Y$2 -> 0.31578634 | Z10: =SUM(O10:X10) -> 3180.6

Sheet FASTBACK 1.0T
A1: FASTBACK 1.0T | E1: PLANO DE MANUTENÇÃO | T1: CUSTOS DE MANUTENÇÃO [R$] | AI1: Total
T2: =MROUND(SUM(T4:T11),1) -> 755 | U2: =MROUND(SUM(U4:U11),1) -> 772 | V2: =MROUND(SUM(V4:V11),1) -> 935 | W2: =MROUND(SUM(W4:W11),1) -> 772 | X2: =MROUND(SUM(X4:X11),1) -> 789 | Y2: =MROUND(SUM(Y4:Y11),1) -> 1469 | Z2: =MROUND(SUM(Z4:Z11),1) -> 755 | AA2: =MROUND(SUM(AA4:AA11),1) -> 772 | ... AH2: =MROUND(SUM(AH4:AH11),1) -> 970 | AI2: =SUM(T2:AG2) -> 12761
A3: Nº | B3: ITENS DE SUBSTITUIÇÃO OBRIGATÓRIA | C3: PN | D3: P. PUB. | E3: 1a | F3: 2a | G3: 3a | H3: 4a | I3: 5a | J3: 6a | K3: 7a | L3: 8a | M3: 9a | N3: 10a | O3: 11ª | P3: 12ª | Q3: 13ª | R3: 14ª | S3: 15ª | T3: 10000 | U3: 20000 | V3: 30000 | W3: 40000 | X3: 50000 | Y3: 60000 | Z3: 70000 | AA3: 80000 | AB3: 90000 | AC3: 100000 | AD3: =AC3+10000 -> 110000 | AE3: =AD3+10000 -> 120000 | AF3: =AE3+10000 -> 130000 | AG3: =AF3+10000 -> 140000 | AH3: =AG3+10000 -> 150000 | AI3: =SUM(AI4:AI11) -> 1.0002208 | AJ3: TTL 100
A4: 1 | B4: Filtro de Óleo do Motor | C4: 46347605 | D4: =VLOOKUP(C4,'[1]PREÇO ATUAL'!$A$1:$D$1048576,4,0) -> 112.46 | E4: 1 | F4: 1 | G4: 1 | H4: 1 | I4: 1 | J4: 1 | K4: 1 | L4: 1 | M4: 1 | N4: 1 | O4: 1 | P4: 1 | Q4: 1 | R4: 1 | S4: 1 | T4: =$D4*E4 -> 112.46 | U4: =$D4*F4 -> 112.46 | V4: =$D4*G4 -> 112.46 | W4: =$D4*H4 -> 112.46 | X4: =$D4*I4 -> 112.46 | Y4: =$D4*J4 -> 112.46 | Z4: =$D4*K4 -> 112.46 | AA4: =$D4*L4 -> 112.46 | ... AH4: =$D4*S4 -> 112.46 | AI4: =AJ4/$AI$2 -> 0.12337905 | AJ4: =SUM(T4:AG4) -> 1574.44
A5: 2 | B5: Filtro de Combustível | C5: 53489525 | D5: =VLOOKUP(C5,'[1]PREÇO ATUAL'!$A$1:$D$1048576,4,0) -> 35.9 | E5: 1 | F5: 1 | G5: 1 | H5: 1 | I5: 1 | J5: 1 | K5: 1 | L5: 1 | M5: 1 | N5: 1 | O5: 1 | P5: 1 | Q5: 1 | R5: 1 | S5: 1 | T5: =$D5*E5 -> 35.9 | U5: =$D5*F5 -> 35.9 | V5: =$D5*G5 -> 35.9 | W5: =$D5*H5 -> 35.9 | X5: =$D5*I5 -> 35.9 | Y5: =$D5*J5 -> 35.9 | Z5: =$D5*K5 -> 35.9 | AA5: =$D5*L5 -> 35.9 | ... AH5: =$D5*S5 -> 35.9 | AI5: =AJ5/$AI$2 -> 0.039385628 | AJ5: =SUM(T5:AG5) -> 502.6
A6: 3 | B6: Filtro de Ar | C6: 52079874 | D6: =VLOOKUP(C6,'[1]PREÇO ATUAL'!$A$1:$D$1048576,4,0) -> 180.21 | G6: 1 | J6: 1 | M6: 1 | P6: 1 | S6: 1 | T6: =$D6*E6 -> 0 | U6: =$D6*F6 -> 0 | V6: =$D6*G6 -> 180.21 | W6: =$D6*H6 -> 0 | X6: =$D6*I6 -> 0 | Y6: =$D6*J6 -> 180.21 | Z6: =$D6*K6 -> 0 | AA6: =$D6*L6 -> 0 | ... AH6: =$D6*S6 -> 180.21 | AI6: =AJ6/$AI$2 -> 0.056487736 | AJ6: =SUM(T6:AG6) -> 720.84
A7: 4 | B7: Velas de Ignição | C7: 46336161 | D7: =VLOOKUP(C7,'[1]PREÇO ATUAL'!$A$1:$D$1048576,4,0) -> 155.01 | J7: 3 | P7: 3 | T7: =$D7*E7 -> 0 | U7: =$D7*F7 -> 0 | V7: =$D7*G7 -> 0 | W7: =$D7*H7 -> 0 | X7: =$D7*I7 -> 0 | Y7: =$D7*J7 -> 465.03 | Z7: =$D7*K7 -> 0 | AA7: =$D7*L7 -> 0 | ... AH7: =$D7*S7 -> 0 | AI7: =AJ7/$AI$2 -> 0.072883003 | AJ7: =SUM(T7:AG7) -> 930.06
A8: 5 | B8: MOPAR BRAKE FLUID DOT 4 - A cada 2 anos | C8: K04549625LA_F | D8: =VLOOKUP(C8,'[1]PREÇO ATUAL'!$A$1:$D$1048576,4,0) -> 33.622493 | T8: =$D8*E8 -> 0 | U8: =$D8*F8 -> 0 | V8: =$D8*G8 -> 0 | W8: =$D8*H8 -> 0 | X8: =$D8*I8 -> 0 | Y8: =$D8*J8 -> 0 | Z8: =$D8*K8 -> 0 | AA8: =$D8*L8 -> 0 | ... AH8: =$D8*S8 -> 0 | AI8: =AJ8/$AI$2 -> 0 | AJ8: =SUM(T8:AG8) -> 0
A9: 6 | B9: Correia dos órgão auxiliares (a cada 120.000 km ou 6 anos, o que ocorrer primeiro) | C9: 46349670 | D9: =VLOOKUP(C9,'[1]PREÇO ATUAL'!$A$1:$D$1048576,4,0) -> 180.85 | P9: 1 | T9: =$D9*E9 -> 0 | U9: =$D9*F9 -> 0 | V9: =$D9*G9 -> 0 | W9: =$D9*H9 -> 0 | X9: =$D9*I9 -> 0 | Y9: =$D9*J9 -> 0 | Z9: =$D9*K9 -> 0 | AA9: =$D9*L9 -> 0 | ... AH9: =$D9*S9 -> 0 | AI9: =AJ9/$AI$2 -> 0.014172087 | AJ9: =SUM(T9:AG9) -> 180.85
A10: 7 | B10: MOPAR MAXPRO SYNTHETIC 0W30 | C10: K68444160LA_F | D10: =VLOOKUP(C10,'[1]PREÇO ATUAL'!$A$1:$D$1048576,4,0) -> 87.82 | E10: 3.6 | F10: 3.6 | G10: 3.6 | H10: 3.6 | I10: 3.6 | J10: 3.6 | K10: 3.6 | L10: 3.6 | M10: 3.6 | N10: 3.6 | O10: 3.6 | P10: 3.6 | Q10: 3.6 | R10: 3.6 | S10: 3.6 | T10: =$D10*E10 -> 316.152 | U10: =$D10*F10 -> 316.152 | V10: =$D10*G10 -> 316.152 | W10: =$D10*H10 -> 316.152 | X10: =$D10*I10 -> 316.152 | Y10: =$D10*J10 -> 316.152 | Z10: =$D10*K10 -> 316.152 | AA10: =$D10*L10 -> 316.152 | ... AH10: =$D10*S10 -> 316.152 | AI10: =AJ10/$AI$2 -> 0.34684805 | AJ10: =SUM(T10:AG10) -> 4426.128
A11: 8 | B11: Tempo Padrão de Mão-De-Obra [horas] | C11: MO FIAT | D11: =VLOOKUP(C11,'[1]PREÇO ATUAL'!$A$1:$D$1048576,4,0) -> 342 | E11: 0.85 | F11: 0.9 | G11: 0.85 | H11: 0.9 | I11: 0.95 | J11: 1.05 | K11: 0.85 | L11: 0.9 | M11: 0.85 | N11: 1 | O11: 0.85 | P11: 1.25 | Q11: 0.85 | R11: 0.9 | S11: 0.95 | T11: =D11*E11 -> 290.7 | U11: =$D11*F11 -> 307.8 | V11: =$D11*G11 -> 290.7 | W11: =$D11*H11 -> 307.8 | X11: =$D11*I11 -> 324.9 | Y11: =$D11*J11 -> 359.1 | Z11: =$D11*K11 -> 290.7 | AA11: =$D11*L11 -> 307.8 | AB11: =$D11*M11 -> 290.7 | ... AH11: =$D11*S11 -> 324.9 | AI11: =AJ11/$AI$2 -> 0.34706528 | AJ11: =SUM(T11:AG11) -> 4428.9

Sheet FASTBACK 1.3T
A1: FASTBACK ABARTH 1.3T | E1: PLANO DE MANUTENÇÃO | T1: CUSTOS DE MANUTENÇÃO [R$] | AI1: Total
T2: =MROUND(SUM(T4:T11),1) -> 861 | U2: =MROUND(SUM(U4:U11),1) -> 992 | V2: =MROUND(SUM(V4:V11),1) -> 861 | W2: =MROUND(SUM(W4:W11),1) -> 1009 | X2: =MROUND(SUM(X4:X11),1) -> 895 | Y2: =MROUND(SUM(Y4:Y11),1) -> 1697 | Z2: =MROUND(SUM(Z4:Z11),1) -> 861 | AA2: =MROUND(SUM(AA4:AA11),1) -> 1009 | ... AH2: =MROUND(SUM(AH4:AH11),1) -> 895 | AI2: =SUM(T2:AH2) -> 15482
A3: Nº | B3: ITENS DE SUBSTITUIÇÃO OBRIGATÓRIA | C3: PN | D3: P. PUB. | E3: 1a | F3: 2a | G3: 3a | H3: 4a | I3: 5a | J3: 6a | K3: 7a | L3: 8a | M3: 9a | N3: 10a | O3: 11ª | P3: 12ª | Q3: 13ª | R3: 14ª | S3: 15ª | T3: 10000 | U3: 20000 | V3: 30000 | W3: 40000 | X3: 50000 | Y3: 60000 | Z3: 70000 | AA3: 80000 | AB3: 90000 | AC3: =AB3+10000 -> 100000 | AD3: =AC3+10000 -> 110000 | AE3: =AD3+10000 -> 120000 | AF3: =AE3+10000 -> 130000 | AG3: =AF3+10000 -> 140000 | AH3: =AG3+10000 -> 150000 | AI3: =SUM(AI4:AI11) -> 0.99423912 | AJ3: TTL 100
A4: 1 | B4: Filtro de Óleo do Motor | C4: 46347605 | D4: =VLOOKUP(C4,'[1]PREÇO ATUAL'!$A$1:$D$1048576,4,0) -> 112.46 | E4: 1 | F4: 1 | G4: 1 | H4: 1 | I4: 1 | J4: 1 | K4: 1 | L4: 1 | M4: 1 | N4: 1 | O4: 1 | P4: 1 | Q4: 1 | R4: 1 | S4: 1 | T4: =$D4*E4 -> 112.46 | U4: =$D4*F4 -> 112.46 | V4: =$D4*G4 -> 112.46 | W4: =$D4*H4 -> 112.46 | X4: =$D4*I4 -> 112.46 | Y4: =$D4*J4 -> 112.46 | Z4: =$D4*K4 -> 112.46 | AA4: =$D4*L4 -> 112.46 | ... AH4: =$D4*S4 -> 112.46 | AI4: =AJ4/$AI$2 -> 0.10895879 | AJ4: =SUM(T4:AH4) -> 1686.9
A5: 2 | B5: Filtro de Combustível | C5: 53489525 | D5: =VLOOKUP(C5,'[1]PREÇO ATUAL'!$A$1:$D$1048576,4,0) -> 35.9 | E5: 1 | F5: 1 | G5: 1 | H5: 1 | I5: 1 | J5: 1 | K5: 1 | L5: 1 | M5: 1 | N5: 1 | O5: 1 | P5: 1 | Q5: 1 | R5: 1 | S5: 1 | T5: =$D5*E5 -> 35.9 | U5: =$D5*F5 -> 35.9 | V5: =$D5*G5 -> 35.9 | W5: =$D5*H5 -> 35.9 | X5: =$D5*I5 -> 35.9 | Y5: =$D5*J5 -> 35.9 | Z5: =$D5*K5 -> 35.9 | AA5: =$D5*L5 -> 35.9 | ... AH5: =$D5*S5 -> 35.9 | AI5: =AJ5/$AI$2 -> 0.034782328 | AJ5: =SUM(T5:AH5) -> 538.5
A6: 3 | B6: Filtro de Ar | C6: 52080841 | D6: =VLOOKUP(C6,'[1]PREÇO ATUAL'!$A$1:$D$1048576,4,0) -> 114.17 | F6: 1 | H6: 1 | J6: 1 | L6: 1 | N6: 1 | P6: 1 | R6: 1 | T6: =$D6*E6 -> 0 | U6: =$D6*F6 -> 114.17 | V6: =$D6*G6 -> 0 | W6: =$D6*H6 -> 114.17 | X6: =$D6*I6 -> 0 | Y6: =$D6*J6 -> 114.17 | Z6: =$D6*K6 -> 0 | AA6: =$D6*L6 -> 114.17 | ... AH6: =$D6*S6 -> 0 | AI6: =AJ6/$AI$2 -> 0.051620592 | AJ6: =SUM(T6:AH6) -> 799.19
A7: 4 | B7: Velas de Ignição | C7: 46336161 | D7: =VLOOKUP(C7,'[1]PREÇO ATUAL'!$A$1:$D$1048576,4,0) -> 155.01 | J7: 4 | P7: 4 | T7: =$D7*E7 -> 0 | U7: =$D7*F7 -> 0 | V7: =$D7*G7 -> 0 | W7: =$D7*H7 -> 0 | X7: =$D7*I7 -> 0 | Y7: =$D7*J7 -> 620.04 | Z7: =$D7*K7 -> 0 | AA7: =$D7*L7 -> 0 | ... AH7: =$D7*S7 -> 0 | AI7: =AJ7/$AI$2 -> 0.080098179 | AJ7: =SUM(T7:AH7) -> 1240.08
A8: 5 | B8: MOPAR BRAKE FLUID DOT 4 - A cada 2 anos | C8: K04549625LA_F | D8: =VLOOKUP(C8,'[1]PREÇO ATUAL'!$A$1:$D$1048576,4,0) -> 33.622493 | T8: =$D8*E8 -> 0 | U8: =$D8*F8 -> 0 | V8: =$D8*G8 -> 0 | W8: =$D8*H8 -> 0 | X8: =$D8*I8 -> 0 | Y8: =$D8*J8 -> 0 | Z8: =$D8*K8 -> 0 | AA8: =$D8*L8 -> 0 | ... AH8: =$D8*S8 -> 0 | AI8: =AJ8/$AI$2 -> 0 | AJ8: =SUM(T8:AH8) -> 0
A9: 6 | B9: Correia dos órgão auxiliares (a cada 120.000 km ou 6 anos, o que ocorrer primeiro) | C9: 46348571 | D9: =VLOOKUP(C9,'[1]PREÇO ATUAL'!$A$1:$D$1048576,4,0) -> 88.64 | P9: 1 | T9: =$D9*E9 -> 0 | U9: =$D9*F9 -> 0 | V9: =$D9*G9 -> 0 | W9: =$D9*H9 -> 0 | X9: =$D9*I9 -> 0 | Y9: =$D9*J9 -> 0 | Z9: =$D9*K9 -> 0 | AA9: =$D9*L9 -> 0 | ... AH9: =$D9*S9 -> 0 | AJ9: =SUM(T9:AH9) -> 88.64
A10: 7 | B10: MOPAR MAXPRO SYNTHETIC 0W30 | C10: K68444160LA_F | D10: =VLOOKUP(C10,'[1]PREÇO ATUAL'!$A$1:$D$1048576,4,0) -> 87.82 | E10: 4.8 | F10: 4.8 | G10: 4.8 | H10: 4.8 | I10: 4.8 | J10: 4.8 | K10: 4.8 | L10: 4.8 | M10: 4.8 | N10: 4.8 | O10: 4.8 | P10: 4.8 | Q10: 4.8 | R10: 4.8 | S10: 4.8 | T10: =$D10*E10 -> 421.536 | U10: =$D10*F10 -> 421.536 | V10: =$D10*G10 -> 421.536 | W10: =$D10*H10 -> 421.536 | X10: =$D10*I10 -> 421.536 | Y10: =$D10*J10 -> 421.536 | Z10: =$D10*K10 -> 421.536 | AA10: =$D10*L10 -> 421.536 | ... AH10: =$D10*S10 -> 421.536 | AI10: =AJ10/$AI$2 -> 0.40841235 | AJ10: =SUM(T10:AH10) -> 6323.04
A11: 8 | B11: Tempo Padrão de Mão-De-Obra [horas] | C11: MO FIAT | D11: =VLOOKUP(C11,'[1]PREÇO ATUAL'!$A$1:$D$1048576,4,0) -> 342 | E11: 0.85 | F11: 0.9 | G11: 0.85 | H11: 0.95 | I11: 0.95 | J11: 1.15 | K11: 0.85 | L11: 0.95 | M11: 0.85 | N11: 1 | O11: 0.8 | P11: 1.25 | Q11: 0.8 | R11: 0.95 | S11: 0.95 | T11: =D11*E11 -> 290.7 | U11: =$D11*F11 -> 307.8 | V11: =$D11*G11 -> 290.7 | W11: =$D11*H11 -> 324.9 | X11: =$D11*I11 -> 324.9 | Y11: =$D11*J11 -> 393.3 | Z11: =$D11*K11 -> 290.7 | AA11: =$D11*L11 -> 324.9 | AB11: =$D11*M11 -> 290.7 | ... AH11: =$D11*S11 -> 324.9 | AI11: =AJ11/$AI$2 -> 0.31036688 | AJ11: =SUM(T11:AH11) -> 4805.1

Sheet MOBI FIRE
A1: MOBI 1.0 FIRE | E1: PLANO DE MANUTENÇÃO | T1: CUSTOS DE MANUTENÇÃO [R$] | AI1: Total
T2: =MROUND(SUM(T4:T14),1) -> 583 | U2: =MROUND(SUM(U4:U14),1) -> 788 | V2: =MROUND(SUM(V4:V14),1) -> 1176 | W2: =MROUND(SUM(W4:W14),1) -> 856 | X2: =MROUND(SUM(X4:X14),1) -> 789 | Y2: =MROUND(SUM(Y4:Y14),1) -> 2479 | Z2: =MROUND(SUM(Z4:Z14),1) -> 583 | AA2: =MROUND(SUM(AA4:AA14),1) -> 856 | ... AH2: =MROUND(SUM(AH4:AH14),1) -> 1228 | AI2: =SUM(T2:AH2) -> 16443
A3: Nº | B3: ITENS DE SUBSTITUIÇÃO OBRIGATÓRIA | C3: PN | D3: P. PUB. | E3: 1a | F3: 2a | G3: 3a | H3: 4a | I3: 5a | J3: 6a | K3: 7a | L3: 8a | M3: 9a | N3: 10a | O3: 11ª | P3: 12ª | Q3: 13ª | R3: 14ª | S3: 15ª | T3: 10000 | U3: 20000 | V3: 30000 | W3: 40000 | X3: 50000 | Y3: 60000 | Z3: 70000 | AA3: 80000 | AB3: 90000 | AC3: 100000 | AD3: =AC3+10000 -> 110000 | AE3: =AD3+10000 -> 120000 | AF3: =AE3+10000 -> 130000 | AG3: =AF3+10000 -> 140000 | AH3: =AG3+10000 -> 150000 | AI3: % 100 | AJ3: TTL 100
A4: 1 | B4: Elemento Filtrante do Filtro Óleo | C4: 46751179 | D4: =VLOOKUP(C4,'[1]PREÇO ATUAL'!$A$1:$D$1048576,4,0) -> 71.2 | E4: 1 | F4: 1 | G4: 1 | H4: 1 | I4: 1 | J4: 1 | K4: 1 | L4: 1 | M4: 1 | N4: 1 | O4: 1 | P4: 1 | Q4: 1 | R4: 1 | S4: 1 | T4: =$D4*E4 -> 71.2 | U4: =$D4*F4 -> 71.2 | V4: =$D4*G4 -> 71.2 | W4: =$D4*H4 -> 71.2 | X4: =$D4*I4 -> 71.2 | Y4: =$D4*J4 -> 71.2 | Z4: =$D4*K4 -> 71.2 | AA4: =$D4*L4 -> 71.2 | ... AH4: =$D4*S4 -> 71.2 | AI4: =AJ4/$AI$2 -> 0.064951651 | AJ4: =SUM(T4:AH4) -> 1068
A5: 2 | B5: Filtro Combustível | C5: 52162685 | D5: =VLOOKUP(C5,'[1]PREÇO ATUAL'!$A$1:$D$1048576,4,0) -> 35.9 | F5: 1 | H5: 1 | J5: 1 | L5: 1 | N5: 1 | P5: 1 | R5: 1 | T5: =$D5*E5 -> 0 | U5: =$D5*F5 -> 35.9 | V5: =$D5*G5 -> 0 | W5: =$D5*H5 -> 35.9 | X5: =$D5*I5 -> 0 | Y5: =$D5*J5 -> 35.9 | Z5: =$D5*K5 -> 0 | AA5: =$D5*L5 -> 35.9 | ... AH5: =$D5*S5 -> 0 | AI5: =AJ5/$AI$2 -> 0.015283099 | AJ5: =SUM(T5:AH5) -> 251.3
A6: 3 | B6: Elemento Filtrante Ar | C6: 51854598 | D6: =VLOOKUP(C6,'[1]PREÇO ATUAL'!$A$1:$D$1048576,4,0) -> 83.06 | F6: 1 | H6: 1 | J6: 1 | L6: 1 | N6: 1 | P6: 1 | R6: 1 | T6: =$D6*E6 -> 0 | U6: =$D6*F6 -> 83.06 | V6: =$D6*G6 -> 0 | W6: =$D6*H6 -> 83.06 | X6: =$D6*I6 -> 0 | Y6: =$D6*J6 -> 83.06 | Z6: =$D6*K6 -> 0 | AA6: =$D6*L6 -> 83.06 | ... AH6: =$D6*S6 -> 0 | AI6: =AJ6/$AI$2 -> 0.035359728 | AJ6: =SUM(T6:AH6) -> 581.42
A7: 4 | B7: Vela Ignição | C7: 55267121 | D7: =VLOOKUP(C7,'[1]PREÇO ATUAL'!$A$1:$D$1048576,4,0) -> 49.9 | G7: 4 | J7: 4 | M7: 4 | P7: 4 | S7: 4 | T7: =$D7*E7 -> 0 | U7: =$D7*F7 -> 0 | V7: =$D7*G7 -> 199.6 | W7: =$D7*H7 -> 0 | X7: =$D7*I7 -> 0 | Y7: =$D7*J7 -> 199.6 | Z7: =$D7*K7 -> 0 | AA7: =$D7*L7 -> 0 | ... AH7: =$D7*S7 -> 199.6 | AI7: =AJ7/$AI$2 -> 0.06069452 | AJ7: =SUM(T7:AH7) -> 998
A8: 5 | B8: Correia Dentada | C8: 46337687 | D8: =VLOOKUP(C8,'[1]PREÇO ATUAL'!$A$1:$D$1048576,4,0) -> 136.4 | J8: 1 | P8: 1 | T8: =$D8*E8 -> 0 | U8: =$D8*F8 -> 0 | V8: =$D8*G8 -> 0 | W8: =$D8*H8 -> 0 | X8: =$D8*I8 -> 0 | Y8: =$D8*J8 -> 136.4 | Z8: =$D8*K8 -> 0 | AA8: =$D8*L8 -> 0 | ... AH8: =$D8*S8 -> 0 | AI8: =AJ8/$AI$2 -> 0.016590646 | AJ8: =SUM(T8:AH8) -> 272.8
A9: 6 | B9: Correia Transmissão c/ AC | C9: 55258482 | D9: =VLOOKUP(C9,'[1]PREÇO ATUAL'!$A$1:$D$1048576,4,0) -> 110.87 | J9: 1 | P9: 1 | T9: =$D9*E9 -> 0 | U9: =$D9*F9 -> 0 | V9: =$D9*G9 -> 0 | W9: =$D9*H9 -> 0 | X9: =$D9*I9 -> 0 | Y9: =$D9*J9 -> 110.87 | Z9: =$D9*K9 -> 0 | AA9: =$D9*L9 -> 0 | ... AH9: =$D9*S9 -> 0 | AI9: =AJ9/$AI$2 -> 0.013485374 | AJ9: =SUM(T9:AH9) -> 221.74
A10: 7 | B10: Correia Transmissão DH | C10: 55211240 | D10: =VLOOKUP(C10,'[1]PREÇO ATUAL'!$A$1:$D$1048576,4,0) -> 149.54 | J10: 1 | P10: 1 | T10: =$D10*E10 -> 0 | U10: =$D10*F10 -> 0 | V10: =$D10*G10 -> 0 | W10: =$D10*H10 -> 0 | X10: =$D10*I10 -> 0 | Y10: =$D10*J10 -> 149.54 | Z10: =$D10*K10 -> 0 | AA10: =$D10*L10 -> 0 | ... AH10: =$D10*S10 -> 0 | AI10: =AJ10/$AI$2 -> 0.018188895 | AJ10: =SUM(T10:AH10) -> 299.08
A11: 8 | B11: Óleo da caixa de cambio mecanica - SAE 75W – API GL4 | C11: 7095576 | D11: =VLOOKUP(C11,'[1]PREÇO ATUAL'!$A$1:$D$1048576,4,0) -> 165.97812 | P11: 2 | T11: =$D11*E11 -> 0 | U11: =$D11*F11 -> 0 | V11: =$D11*G11 -> 0 | W11: =$D11*H11 -> 0 | X11: =$D11*I11 -> 0 | Y11: =$D11*J11 -> 0 | Z11: =$D11*K11 -> 0 | AA11: =$D11*L11 -> 0 | ... AH11: =$D11*S11 -> 0 | AJ11: =SUM(T11:AH11) -> 331.95624
A12: 9 | B12: MOPAR BRAKE FLUID DOT 4 - A cada 2 anos | C12: K04549625LA_F | D12: =VLOOKUP(C12,'[1]PREÇO ATUAL'!$A$1:$D$1048576,4,0) -> 33.622493 | T12: =$D12*E12 -> 0 | U12: =$D12*F12 -> 0 | V12: =$D12*G12 -> 0 | W12: =$D12*H12 -> 0 | X12: =$D12*I12 -> 0 | Y12: =$D12*J12 -> 0 | Z12: =$D12*K12 -> 0 | AA12: =$D12*L12 -> 0 | ... AH12: =$D12*S12 -> 0 | AI12: =AJ12/$AI$2 -> 0 | AJ12: =SUM(T12:AH12) -> 0
A13: 10 | B13: MOPAR MAXPRO 5W30 (SN/GF-5) | C13: K68218921LA_F | D13: =VLOOKUP(C13,'[1]PREÇO ATUAL'!$A$1:$D$1048576,4,0) -> 75.7 | E13: 2.7 | F13: 2.7 | G13: 2.7 | H13: 2.7 | I13: 2.7 | J13: 2.7 | K13: 2.7 | L13: 2.7 | M13: 2.7 | N13: 2.7 | O13: 2.7 | P13: 2.7 | Q13: 2.7 | R13: 2.7 | S13: 2.7 | T13: =$D13*E13 -> 204.39 | U13: =$D13*F13 -> 204.39 | V13: =$D13*G13 -> 204.39 | W13: =$D13*H13 -> 204.39 | X13: =$D13*I13 -> 204.39 | Y13: =$D13*J13 -> 204.39 | Z13: =$D13*K13 -> 204.39 | AA13: =$D13*L13 -> 204.39 | ... AH13: =$D13*S13 -> 204.39 | AI13: =AJ13/$AI$2 -> 0.1864532 | AJ13: =SUM(T13:AH13) -> 3065.85
A14: 11 | B14: Tempo Padrão de Mão-De-Obra [horas] | C14: MO FIAT | D14: =VLOOKUP(C14,'[1]PREÇO ATUAL'!$A$1:$D$1048576,4,0) -> 342 | E14: 0.9 | F14: 1.15 | G14: 2.05 | H14: 1.35 | I14: 1.5 | J14: 4.35 | K14: 0.9 | L14: 1.35 | M14: 2.05 | N14: 1.3 | O14: 1.35 | P14: 4.85 | Q14: 0.9 | R14: 1.15 | S14: 2.2 | T14: =D14*E14 -> 307.8 | U14: =$D14*F14 -> 393.3 | V14: =$D14*G14 -> 701.1 | W14: =$D14*H14 -> 461.7 | X14: =$D14*I14 -> 513 | Y14: =$D14*J14 -> 1487.7 | Z14: =$D14*K14 -> 307.8 | AA14: =$D14*L14 -> 461.7 | AB14: =$D14*M14 -> 701.1 | ... AH14: =$D14*S14 -> 752.4 | AI14: =AJ14/$AI$2 -> 0.56885605 | AJ14: =SUM(T14:AH14) -> 9353.7

Sheet MOBI FIREFLY
A1: MOBI FIREFLY | E1: PLANO DE MANUTENÇÃO | T1: CUSTOS DE MANUTENÇÃO [R$] | AI1: Total
T2: =MROUND(SUM(T4:T12),1) -> 667 | U2: =MROUND(SUM(U4:U12),1) -> 788 | V2: =MROUND(SUM(V4:V12),1) -> 701 | W2: =MROUND(SUM(W4:W12),1) -> 1419 | X2: =MROUND(SUM(X4:X12),1) -> 718 | Y2: =MROUND(SUM(Y4:Y12),1) -> 1171 | Z2: =MROUND(SUM(Z4:Z12),1) -> 667 | AA2: =MROUND(SUM(AA4:AA12),1) -> 1419 | ... AH2: =MROUND(SUM(AH4:AH12),1) -> 752 | AI2: =SUM(T2:AH2) -> 14184
A3: Nº | B3: ITENS DE SUBSTITUIÇÃO OBRIGATÓRIA | C3: PN | D3: P. PUB. | E3: 1a | F3: 2a | G3: 3a | H3: 4a | I3: 5a | J3: 6a | K3: 7a | L3: 8a | M3: 9a | N3: 10a | O3: 11ª | P3: 12ª | Q3: 13ª | R3: 14ª | S3: 15ª | T3: 10000 | U3: 20000 | V3: 30000 | W3: 40000 | X3: 50000 | Y3: 60000 | Z3: 70000 | AA3: 80000 | AB3: 90000 | AC3: 100000 | AD3: =AC3+10000 -> 110000 | AE3: =AD3+10000 -> 120000 | AF3: =AE3+10000 -> 130000 | AG3: =AF3+10000 -> 140000 | AH3: =AG3+10000 -> 150000 | AI3: % 100 | AJ3: TTL 100
A4: 1 | B4: Filtro de Óleo do Motor | C4: 7094709 | D4: =VLOOKUP(C4,'[1]PREÇO ATUAL'!$A$1:$D$1048576,4,0) -> 79.9 | E4: 1 | F4: 1 | G4: 1 | H4: 1 | I4: 1 | J4: 1 | K4: 1 | L4: 1 | M4: 1 | N4: 1 | O4: 1 | P4: 1 | Q4: 1 | R4: 1 | S4: 1 | T4: =$D4*E4 -> 79.9 | U4: =$D4*F4 -> 79.9 | V4: =$D4*G4 -> 79.9 | W4: =$D4*H4 -> 79.9 | X4: =$D4*I4 -> 79.9 | Y4: =$D4*J4 -> 79.9 | Z4: =$D4*K4 -> 79.9 | AA4: =$D4*L4 -> 79.9 | ... AH4: =$D4*S4 -> 79.9 | AI4: =AJ4/$AI$2 -> 0.084496616 | AJ4: =SUM(T4:AH4) -> 1198.5
A5: 2 | B5: Filtro de Combustível | C5: 52162685 | D5: =VLOOKUP(C5,'[1]PREÇO ATUAL'!$A$1:$D$1048576,4,0) -> 35.9 | F5: 1 | H5: 1 | J5: 1 | L5: 1 | N5: 1 | P5: 1 | R5: 1 | T5: =$D5*E5 -> 0 | U5: =$D5*F5 -> 35.9 | V5: =$D5*G5 -> 0 | W5: =$D5*H5 -> 35.9 | X5: =$D5*I5 -> 0 | Y5: =$D5*J5 -> 35.9 | Z5: =$D5*K5 -> 0 | AA5: =$D5*L5 -> 35.9 | ... AH5: =$D5*S5 -> 0 | AI5: =AJ5/$AI$2 -> 0.017717146 | AJ5: =SUM(T5:AH5) -> 251.3
A6: 3 | B6: Filtro de Ar | C6: 52046268 | D6: =VLOOKUP(C6,'[1]PREÇO ATUAL'!$A$1:$D$1048576,4,0) -> 89.9 | E6: 1 | F6: 1 | G6: 1 | H6: 1 | I6: 1 | J6: 1 | K6: 1 | L6: 1 | M6: 1 | N6: 1 | O6: 1 | P6: 1 | Q6: 1 | R6: 1 | S6: 1 | T6: =$D6*E6 -> 89.9 | U6: =$D6*F6 -> 89.9 | V6: =$D6*G6 -> 89.9 | W6: =$D6*H6 -> 89.9 | X6: =$D6*I6 -> 89.9 | Y6: =$D6*J6 -> 89.9 | Z6: =$D6*K6 -> 89.9 | AA6: =$D6*L6 -> 89.9 | ... AH6: =$D6*S6 -> 89.9 | AI6: =AJ6/$AI$2 -> 0.095071912 | AJ6: =SUM(T6:AH6) -> 1348.5
A7: 4 | B7: Velas de Ignição | C7: 55267995 | D7: =VLOOKUP(C7,'[1]PREÇO ATUAL'!$A$1:$D$1048576,4,0) -> 175.9 | H7: 3 | L7: 3 | P7: 3 | T7: =$D7*E7 -> 0 | U7: =$D7*F7 -> 0 | V7: =$D7*G7 -> 0 | W7: =$D7*H7 -> 527.7 | X7: =$D7*I7 -> 0 | Y7: =$D7*J7 -> 0 | Z7: =$D7*K7 -> 0 | AA7: =$D7*L7 -> 527.7 | ... AH7: =$D7*S7 -> 0 | AI7: =AJ7/$AI$2 -> 0.11161168 | AJ7: =SUM(T7:AH7) -> 1583.1
A8: 5 | B8: Correia dos Órgãos Auxiliares | C8: 55267966 | D8: =VLOOKUP(C8,'[1]PREÇO ATUAL'!$A$1:$D$1048576,4,0) -> 143.23 | J8: 1 | P8: 1 | T8: =$D8*E8 -> 0 | U8: =$D8*F8 -> 0 | V8: =$D8*G8 -> 0 | W8: =$D8*H8 -> 0 | X8: =$D8*I8 -> 0 | Y8: =$D8*J8 -> 143.23 | Z8: =$D8*K8 -> 0 | AA8: =$D8*L8 -> 0 | ... AH8: =$D8*S8 -> 0 | AI8: =AJ8/$AI$2 -> 0.020195995 | AJ8: =SUM(T8:AH8) -> 286.46
A9: 6 | B9: Óleo da caixa de cambio mecanica - SAE 75W – API GL4 | C9: 7095576 | D9: =VLOOKUP(C9,'[1]PREÇO ATUAL'!$A$1:$D$1048576,4,0) -> 165.97812 | P9: 2 | T9: =$D9*E9 -> 0 | U9: =$D9*F9 -> 0 | V9: =$D9*G9 -> 0 | W9: =$D9*H9 -> 0 | X9: =$D9*I9 -> 0 | Y9: =$D9*J9 -> 0 | Z9: =$D9*K9 -> 0 | AA9: =$D9*L9 -> 0 | ... AH9: =$D9*S9 -> 0 | AJ9: =SUM(T9:AH9) -> 331.95624
A10: 7 | B10: MOPAR BRAKE FLUID DOT 4 - A cada 2 anos | C10: K04549625LA_F | D10: =VLOOKUP(C10,'[1]PREÇO ATUAL'!$A$1:$D$1048576,4,0) -> 33.622493 | T10: =$D10*E10 -> 0 | U10: =$D10*F10 -> 0 | V10: =$D10*G10 -> 0 | W10: =$D10*H10 -> 0 | X10: =$D10*I10 -> 0 | Y10: =$D10*J10 -> 0 | Z10: =$D10*K10 -> 0 | AA10: =$D10*L10 -> 0 | ... AH10: =$D10*S10 -> 0 | AI10: =AJ10/$AI$2 -> 0 | AJ10: =SUM(T10:AH10) -> 0
A11: 8 | B11: MOPAR MAXPRO SYNTHETIC 0W20 (SP/GF-6A) | C11: K68218951LA_F | D11: =VLOOKUP(C11,'[1]PREÇO ATUAL'!$A$1:$D$1048576,4,0) -> 81.26 | E11: 2.54 | F11: 2.54 | G11: 2.54 | H11: 2.54 | I11: 2.54 | J11: 2.54 | K11: 2.54 | L11: 2.54 | M11: 2.54 | N11: 2.54 | O11: 2.54 | P11: 2.54 | Q11: 2.54 | R11: 2.54 | S11: 2.54 | T11: =$D11*E11 -> 206.4004 | U11: =$D11*F11 -> 206.4004 | V11: =$D11*G11 -> 206.4004 | W11: =$D11*H11 -> 206.4004 | X11: =$D11*I11 -> 206.4004 | Y11: =$D11*J11 -> 206.4004 | Z11: =$D11*K11 -> 206.4004 | AA11: =$D11*L11 -> 206.4004 | ... AH11: =$D11*S11 -> 206.4004 | AI11: =AJ11/$AI$2 -> 0.21827453 | AJ11: =SUM(T11:AH11) -> 3096.006
A12: 9 | B12: Tempo Padrão de Mão-De-Obra [horas] | C12: MO FIAT | D12: =VLOOKUP(C12,'[1]PREÇO ATUAL'!$A$1:$D$1048576,4,0) -> 342 | E12: 0.85 | F12: 1.1 | G12: 0.95 | H12: 1.4 | I12: 1 | J12: 1.8 | K12: 0.85 | L12: 1.4 | M12: 0.95 | N12: 1.25 | O12: 0.85 | P12: 2.35 | Q12: 0.85 | R12: 1.1 | S12: 1.1 | T12: =$D12*E12 -> 290.7 | U12: =$D12*F12 -> 376.2 | V12: =$D12*G12 -> 324.9 | W12: =$D12*H12 -> 478.8 | X12: =$D12*I12 -> 342 | Y12: =$D12*J12 -> 615.6 | Z12: =$D12*K12 -> 290.7 | AA12: =$D12*L12 -> 478.8 | ... AH12: =$D12*S12 -> 376.2 | AI12: =AJ12/$AI$2 -> 0.42918782 | AJ12: =SUM(T12:AH12) -> 6087.6

Sheet DOBLO
A1: DOBLO 1.8 | E1: PLANO DE MANUTENÇÃO | O1: CUSTOS DE MANUTENÇÃO [R$] | Y1: Total
O2: =MROUND(SUM(O4:O11),1) -> 367 | P2: =MROUND(SUM(P4:P11),1) -> 989 | Q2: =MROUND(SUM(Q4:Q11),1) -> 1080 | R2: =MROUND(SUM(R4:R11),1) -> 1075 | S2: =MROUND(SUM(S4:S11),1) -> 829 | T2: =MROUND(SUM(T4:T11),1) -> 1847 | U2: =MROUND(SUM(U4:U11),1) -> 794 | V2: =MROUND(SUM(V4:V11),1) -> 1075 | ... X2: =MROUND(SUM(X4:X11),1) -> 1041 | Y2: =SUM(O2:X2) -> 10177
A3: Nº | B3: ITENS DE SUBSTITUIÇÃO OBRIGATÓRIA | C3: PN | D3: P. PUB. | E3: 1a | F3: 2a | G3: 3a | H3: 4a | I3: 5a | J3: 6a | K3: 7a | L3: 8a | M3: 9a | N3: 10a | O3: 10000 | P3: 20000 | Q3: 30000 | R3: 40000 | S3: 50000 | T3: 60000 | U3: 70000 | V3: 80000 | W3: 90000 | X3: 100000 | Y3: % 100 | Z3: TTL 100
A4: 1 | B4: VELA IGNICAO | C4: 55267121 | D4: =VLOOKUP(C4,'[1]PREÇO ATUAL'!$A$1:$D$1048576,4,0) -> 49.9 | G4: 4 | J4: 4 | M4: 4 | O4: =$D4*E4 -> 0 | P4: =$D4*F4 -> 0 | Q4: =$D4*G4 -> 199.6 | R4: =$D4*H4 -> 0 | S4: =$D4*I4 -> 0 | T4: =$D4*J4 -> 199.6 | U4: =$D4*K4 -> 0 | V4: =$D4*L4 -> 0 | ... X4: =$D4*N4 -> 0 | Y4: =Z4/$Y$2 -> 0.058838558 | Z4: =SUM(O4:X4) -> 598.8
A5: 2 | B5: FILTRO OLEO | C5: 7087808 | D5: =VLOOKUP(C5,'[1]PREÇO ATUAL'!$A$1:$D$1048576,4,0) -> 41.43 | E5: 1 | F5: 1 | G5: 1 | H5: 1 | I5: 1 | J5: 1 | K5: 1 | L5: 1 | M5: 1 | N5: 1 | O5: =$D5*E5 -> 41.43 | P5: =$D5*F5 -> 41.43 | Q5: =$D5*G5 -> 41.43 | R5: =$D5*H5 -> 41.43 | S5: =$D5*I5 -> 41.43 | T5: =$D5*J5 -> 41.43 | U5: =$D5*K5 -> 41.43 | V5: =$D5*L5 -> 41.43 | ... X5: =$D5*N5 -> 41.43 | Y5: =Z5/$Y$2 -> 0.040709443 | Z5: =SUM(O5:X5) -> 414.3
A6: 3 | B6: FILTRO COMBUSTIVEL | C6: 52162685 | D6: =VLOOKUP(C6,'[1]PREÇO ATUAL'!$A$1:$D$1048576,4,0) -> 35.9 | F6: 1 | H6: 1 | J6: 1 | L6: 1 | N6: 1 | O6: =$D6*E6 -> 0 | P6: =$D6*F6 -> 35.9 | Q6: =$D6*G6 -> 0 | R6: =$D6*H6 -> 35.9 | S6: =$D6*I6 -> 0 | T6: =$D6*J6 -> 35.9 | U6: =$D6*K6 -> 0 | V6: =$D6*L6 -> 35.9 | ... X6: =$D6*N6 -> 35.9 | Y6: =Z6/$Y$2 -> 0.017637811 | Z6: =SUM(O6:X6) -> 179.5
A7: 4 | B7: ELEMENTO FILTRANTE | C7: 51857956 | D7: =VLOOKUP(C7,'[1]PREÇO ATUAL'!$A$1:$D$1048576,4,0) -> 90.75 | F7: 1 | H7: 1 | J7: 1 | L7: 1 | N7: 1 | O7: =$D7*E7 -> 0 | P7: =$D7*F7 -> 90.75 | Q7: =$D7*G7 -> 0 | R7: =$D7*H7 -> 90.75 | S7: =$D7*I7 -> 0 | T7: =$D7*J7 -> 90.75 | U7: =$D7*K7 -> 0 | V7: =$D7*L7 -> 90.75 | ... X7: =$D7*N7 -> 90.75 | Y7: =Z7/$Y$2 -> 0.044585831 | Z7: =SUM(O7:X7) -> 453.75
A8: 5 | B8: CORREIA TRANSMISSAO C/ AC | C8: 55244798 | D8: =VLOOKUP(C8,'[1]PREÇO ATUAL'!$A$1:$D$1048576,4,0) -> 213.66 | J8: 1 | O8: =$D8*E8 -> 0 | P8: =$D8*F8 -> 0 | Q8: =$D8*G8 -> 0 | R8: =$D8*H8 -> 0 | S8: =$D8*I8 -> 0 | T8: =$D8*J8 -> 213.66 | U8: =$D8*K8 -> 0 | V8: =$D8*L8 -> 0 | ... X8: =$D8*N8 -> 0 | Y8: =Z8/$Y$2 -> 0.020994399 | Z8: =SUM(O8:X8) -> 213.66
A9: 6 | B9: MOPAR MAXPRO 5W30 (SN/GF-5) | C9: K68218921LA_F | D9: =VLOOKUP(C9,'[1]PREÇO ATUAL'!$A$1:$D$1048576,4,0) -> 75.7 | E9: 4.3 | F9: 4.3 | G9: 4.3 | H9: 4.3 | I9: 4.3 | J9: 4.3 | K9: 4.3 | L9: 4.3 | M9: 4.3 | N9: 4.3 | O9: =$D9*E9 -> 325.51 | P9: =$D9*F9 -> 325.51 | Q9: =$D9*G9 -> 325.51 | R9: =$D9*H9 -> 325.51 | S9: =$D9*I9 -> 325.51 | T9: =$D9*J9 -> 325.51 | U9: =$D9*K9 -> 325.51 | V9: =$D9*L9 -> 325.51 | ... X9: =$D9*N9 -> 325.51 | Y9: =Z9/$Y$2 -> 0.31984868 | Z9: =SUM(O9:X9) -> 3255.1
A10: 7 | B10: MOPAR BRAKE FLUID DOT 4 - A cada 2 anos | C10: K04549625LA_F | D10: =VLOOKUP(C10,'[1]PREÇO ATUAL'!$A$1:$D$1048576,4,0) -> 33.622493 | O10: =$D10*E10 -> 0 | P10: =$D10*F10 -> 0 | Q10: =$D10*G10 -> 0 | R10: =$D10*H10 -> 0 | S10: =$D10*I10 -> 0 | T10: =$D10*J10 -> 0 | U10: =$D10*K10 -> 0 | V10: =$D10*L10 -> 0 | ... X10: =$D10*N10 -> 0 | Y10: =Z10/$Y$2 -> 0 | Z10: =SUM(O10:X10) -> 0
A11: 8 | B11: Tempo Padrão de Mão-De-Obra [horas] | C11: MO FIAT | D11: =VLOOKUP(C11,'[1]PREÇO ATUAL'!$A$1:$D$1048576,4,0) -> 342 | E11: 1.25 | F11: 1.45 | G11: 1.5 | H11: 1.7 | I11: 1.35 | J11: 2.75 | K11: 1.25 | L11: 1.7 | M11: 1.5 | N11: 1.6 | P11: =$D11*F11 -> 495.9 | Q11: =$D11*G11 -> 513 | R11: =$D11*H11 -> 581.4 | S11: =$D11*I11 -> 461.7 | T11: =$D11*J11 -> 940.5 | U11: =$D11*K11 -> 427.5 | V11: =$D11*L11 -> 581.4 | W11: =$D11*M11 -> 513 | X11: =$D11*N11 -> 547.2 | Y11: =Z11/$Y$2 -> 0.49735678 | Z11: =SUM(O11:X11) -> 5061.6

Sheet TORO 1.8
A1: TORO 1.8 | E1: PLANO DE MANUTENÇÃO | O1: CUSTOS DE MANUTENÇÃO [R$] | Y1: Total
O2: =MROUND(SUM(O4:O11),1) -> 433 | P2: =MROUND(SUM(P4:P11),1) -> 1031 | Q2: =MROUND(SUM(Q4:Q11),1) -> 878 | R2: =MROUND(SUM(R4:R11),1) -> 1048 | S2: =MROUND(SUM(S4:S11),1) -> 980 | T2: =MROUND(SUM(T4:T11),1) -> 2221 | U2: =MROUND(SUM(U4:U11),1) -> 878 | V2: =MROUND(SUM(V4:V11),1) -> 1048 | ... X2: =MROUND(SUM(X4:X11),1) -> 1167 | Y2: =SUM(O2:X2) -> 10562
A3: Nº | B3: ITENS DE SUBSTITUIÇÃO OBRIGATÓRIA | C3: PN | D3: P. PUB. | E3: 1a | F3: 2a | G3: 3a | H3: 4a | I3: 5a | J3: 6a | K3: 7a | L3: 8a | M3: 9a | N3: 10a | O3: 10000 | P3: 20000 | Q3: 30000 | R3: 40000 | S3: 50000 | T3: 60000 | U3: 70000 | V3: 80000 | W3: 90000 | X3: 100000 | Y3: % 100 | Z3: TTL 100
A4: 1 | B4: ELEMENTO FILTRANTE DO FILTRO ÓLEO | C4: 7087808 | D4: =VLOOKUP(C4,'[1]PREÇO ATUAL'!$A$1:$D$1048576,4,0) -> 41.43 | E4: 1 | F4: 1 | G4: 1 | H4: 1 | I4: 1 | J4: 1 | K4: 1 | L4: 1 | M4: 1 | N4: 1 | O4: =$D4*E4 -> 41.43 | P4: =$D4*F4 -> 41.43 | Q4: =$D4*G4 -> 41.43 | R4: =$D4*H4 -> 41.43 | S4: =$D4*I4 -> 41.43 | T4: =$D4*J4 -> 41.43 | U4: =$D4*K4 -> 41.43 | V4: =$D4*L4 -> 41.43 | ... X4: =$D4*N4 -> 41.43 | Y4: =Z4/$Y$2 -> 0.039225525 | Z4: =SUM(O4:X4) -> 414.3
A5: 2 | B5: FILTRO COMBUSTIVEL | C5: 52162685 | D5: =VLOOKUP(C5,'[1]PREÇO ATUAL'!$A$1:$D$1048576,4,0) -> 35.9 | E5: 1 | F5: 1 | G5: 1 | H5: 1 | I5: 1 | J5: 1 | K5: 1 | L5: 1 | M5: 1 | N5: 1 | O5: =$D5*E5 -> 35.9 | P5: =$D5*F5 -> 35.9 | Q5: =$D5*G5 -> 35.9 | R5: =$D5*H5 -> 35.9 | S5: =$D5*I5 -> 35.9 | T5: =$D5*J5 -> 35.9 | U5: =$D5*K5 -> 35.9 | V5: =$D5*L5 -> 35.9 | ... X5: =$D5*N5 -> 35.9 | Y5: =Z5/$Y$2 -> 0.033989775 | Z5: =SUM(O5:X5) -> 359
A6: 3 | B6: ELEMENTO FILTRANTE FILTRO AR | C6: 51977574 | D6: =VLOOKUP(C6,'[1]PREÇO ATUAL'!$A$1:$D$1048576,4,0) -> 101.54 | F6: 1 | H6: 1 | J6: 1 | L6: 1 | N6: 1 | O6: =$D6*E6 -> 0 | P6: =$D6*F6 -> 101.54 | Q6: =$D6*G6 -> 0 | R6: =$D6*H6 -> 101.54 | S6: =$D6*I6 -> 0 | T6: =$D6*J6 -> 101.54 | U6: =$D6*K6 -> 0 | V6: =$D6*L6 -> 101.54 | ... X6: =$D6*N6 -> 101.54 | Y6: =Z6/$Y$2 -> 0.048068548 | Z6: =SUM(O6:X6) -> 507.7
A7: 4 | B7: VELA IGNIÇÃO | C7: 46348847 | D7: =VLOOKUP(C7,'[1]PREÇO ATUAL'!$A$1:$D$1048576,4,0) -> 114.24 | J7: 4 | O7: =$D7*E7 -> 0 | P7: =$D7*F7 -> 0 | Q7: =$D7*G7 -> 0 | R7: =$D7*H7 -> 0 | S7: =$D7*I7 -> 0 | T7: =$D7*J7 -> 456.96 | U7: =$D7*K7 -> 0 | V7: =$D7*L7 -> 0 | ... X7: =$D7*N7 -> 0 | Y7: =Z7/$Y$2 -> 0.043264533 | Z7: =SUM(O7:X7) -> 456.96
A8: 5 | B8: CORREIAS DOS ÓRGÃOS AUXILIARES DO MOTOR | C8: 55258359 | D8: =VLOOKUP(C8,'[1]PREÇO ATUAL'!$A$1:$D$1048576,4,0) -> 169.01 | J8: 1 | O8: =$D8*E8 -> 0 | P8: =$D8*F8 -> 0 | Q8: =$D8*G8 -> 0 | R8: =$D8*H8 -> 0 | S8: =$D8*I8 -> 0 | T8: =$D8*J8 -> 169.01 | U8: =$D8*K8 -> 0 | V8: =$D8*L8 -> 0 | ... X8: =$D8*N8 -> 0 | Y8: =Z8/$Y$2 -> 0.016001704 | Z8: =SUM(O8:X8) -> 169.01
A9: 6 | B9: MOPAR BRAKE FLUID DOT 4S - A cada 2 anos | C9: K04549626LA_F | D9: =VLOOKUP(C9,'[1]PREÇO ATUAL'!$A$1:$D$1048576,4,0) -> 45.09 | O9: =$D9*E9 -> 0 | P9: =$D9*F9 -> 0 | Q9: =$D9*G9 -> 0 | R9: =$D9*H9 -> 0 | S9: =$D9*I9 -> 0 | T9: =$D9*J9 -> 0 | U9: =$D9*K9 -> 0 | V9: =$D9*L9 -> 0 | ... X9: =$D9*N9 -> 0 | Y9: =Z9/$Y$2 -> 0 | Z9: =SUM(O9:X9) -> 0
A10: 7 | B10: MOPAR MAXPRO 5W30 (SN/GF-5) | C10: K68218921LA_F | D10: =VLOOKUP(C10,'[1]PREÇO ATUAL'!$A$1:$D$1048576,4,0) -> 75.7 | E10: 4.7 | F10: 4.7 | G10: 4.7 | H10: 4.7 | I10: 4.7 | J10: 4.7 | K10: 4.7 | L10: 4.7 | M10: 4.7 | N10: 4.7 | O10: =$D10*E10 -> 355.79 | P10: =$D10*F10 -> 355.79 | Q10: =$D10*G10 -> 355.79 | R10: =$D10*H10 -> 355.79 | S10: =$D10*I10 -> 355.79 | T10: =$D10*J10 -> 355.79 | U10: =$D10*K10 -> 355.79 | V10: =$D10*L10 -> 355.79 | ... X10: =$D10*N10 -> 355.79 | Y10: =Z10/$Y$2 -> 0.33685855 | Z10: =SUM(O10:X10) -> 3557.9
A11: 8 | B11: Tempo Padrão de Mão-De-Obra [horas] | C11: MO FIAT | D11: =VLOOKUP(C11,'[1]PREÇO ATUAL'!$A$1:$D$1048576,4,0) -> 342 | E11: 1.25 | F11: 1.45 | G11: 1.3 | H11: 1.5 | I11: 1.6 | J11: 3.1 | K11: 1.3 | L11: 1.5 | M11: 1.3 | N11: 1.85 | P11: =$D11*F11 -> 495.9 | Q11: =$D11*G11 -> 444.6 | R11: =$D11*H11 -> 513 | S11: =$D11*I11 -> 547.2 | T11: =$D11*J11 -> 1060.2 | U11: =$D11*K11 -> 444.6 | V11: =$D11*L11 -> 513 | W11: =$D11*M11 -> 444.6 | X11: =$D11*N11 -> 632.7 | Y11: =Z11/$Y$2 -> 0.48246544 | Z11: =SUM(O11:X11) -> 5095.8

Sheet TORO 2.4
A1: TORO 2.4 | E1: PLANO DE MANUTENÇÃO | O1: CUSTOS DE MANUTENÇÃO [R$] | Y1: Total
O2: =MROUND(SUM(O4:O11),1) -> 634 | P2: =MROUND(SUM(P4:P11),1) -> 993 | Q2: =MROUND(SUM(Q4:Q11),1) -> 1044 | R2: =MROUND(SUM(R4:R11),1) -> 1078 | S2: =MROUND(SUM(S4:S11),1) -> 1027 | T2: =MROUND(SUM(T4:T11),1) -> 2409 | U2: =MROUND(SUM(U4:U11),1) -> 993 | V2: =MROUND(SUM(V4:V11),1) -> 1078 | ... X2: =MROUND(SUM(X4:X11),1) -> 1027 | Y2: =SUM(O2:X2) -> 11327
A3: Nº | B3: ITENS DE SUBSTITUIÇÃO OBRIGATÓRIA | C3: PN | D3: P. PUB. | E3: 1a | F3: 2a | G3: 3a | H3: 4a | I3: 5a | J3: 6a | K3: 7a | L3: 8a | M3: 9a | N3: 10a | O3: 10000 | P3: 20000 | Q3: 30000 | R3: 40000 | S3: 50000 | T3: 60000 | U3: 70000 | V3: 80000 | W3: 90000 | X3: 100000 | Y3: % 100 | Z3: TTL 100
A4: 1 | B4: ELEMENTO FILTRANTE DO FILTRO ÓLEO | C4: 50055447 | D4: =VLOOKUP(C4,'[1]PREÇO ATUAL'!$A$1:$D$1048576,4,0) -> 102.7 | E4: 1 | F4: 1 | G4: 1 | H4: 1 | I4: 1 | J4: 1 | K4: 1 | L4: 1 | M4: 1 | N4: 1 | O4: =$D4*E4 -> 102.7 | P4: =$D4*F4 -> 102.7 | Q4: =$D4*G4 -> 102.7 | R4: =$D4*H4 -> 102.7 | S4: =$D4*I4 -> 102.7 | T4: =$D4*J4 -> 102.7 | U4: =$D4*K4 -> 102.7 | V4: =$D4*L4 -> 102.7 | ... X4: =$D4*N4 -> 102.7 | Y4: =Z4/$Y$2 -> 0.090668315 | Z4: =SUM(O4:X4) -> 1027
A5: 2 | B5: FILTRO COMBUSTIVEL | C5: 52162685 | D5: =VLOOKUP(C5,'[1]PREÇO ATUAL'!$A$1:$D$1048576,4,0) -> 35.9 | E5: 1 | F5: 1 | G5: 1 | H5: 1 | I5: 1 | J5: 1 | K5: 1 | L5: 1 | M5: 1 | N5: 1 | O5: =$D5*E5 -> 35.9 | P5: =$D5*F5 -> 35.9 | Q5: =$D5*G5 -> 35.9 | R5: =$D5*H5 -> 35.9 | S5: =$D5*I5 -> 35.9 | T5: =$D5*J5 -> 35.9 | U5: =$D5*K5 -> 35.9 | V5: =$D5*L5 -> 35.9 | ... X5: =$D5*N5 -> 35.9 | Y5: =Z5/$Y$2 -> 0.031694182 | Z5: =SUM(O5:X5) -> 359
A6: 3 | B6: ELEMENTO FILTRANTE FILTRO AR | C6: 51977574 | D6: =VLOOKUP(C6,'[1]PREÇO ATUAL'!$A$1:$D$1048576,4,0) -> 101.54 | E6: 1 | F6: 1 | G6: 1 | H6: 1 | I6: 1 | J6: 1 | K6: 1 | L6: 1 | M6: 1 | N6: 1 | O6: =$D6*E6 -> 101.54 | P6: =$D6*F6 -> 101.54 | Q6: =$D6*G6 -> 101.54 | R6: =$D6*H6 -> 101.54 | S6: =$D6*I6 -> 101.54 | T6: =$D6*J6 -> 101.54 | U6: =$D6*K6 -> 101.54 | V6: =$D6*L6 -> 101.54 | ... X6: =$D6*N6 -> 101.54 | Y6: =Z6/$Y$2 -> 0.089644213 | Z6: =SUM(O6:X6) -> 1015.4
A7: 4 | B7: VELA IGNIÇÃO | C7: KSP148183AD | D7: =VLOOKUP(C7,'[1]PREÇO ATUAL'!$A$1:$D$1048576,4,0) -> 163 | J7: 4 | O7: =$D7*E7 -> 0 | P7: =$D7*F7 -> 0 | Q7: =$D7*G7 -> 0 | R7: =$D7*H7 -> 0 | S7: =$D7*I7 -> 0 | T7: =$D7*J7 -> 652 | U7: =$D7*K7 -> 0 | V7: =$D7*L7 -> 0 | ... X7: =$D7*N7 -> 0 | Y7: =Z7/$Y$2 -> 0.057561579 | Z7: =SUM(O7:X7) -> 652
A8: 5 | B8: CORREIAS DOS ÓRGÃOS AUXILIARES DO MOTOR | C8: 50048146 | D8: =VLOOKUP(C8,'[1]PREÇO ATUAL'!$A$1:$D$1048576,4,0) -> 302.22 | J8: 1 | O8: =$D8*E8 -> 0 | P8: =$D8*F8 -> 0 | Q8: =$D8*G8 -> 0 | R8: =$D8*H8 -> 0 | S8: =$D8*I8 -> 0 | T8: =$D8*J8 -> 302.22 | U8: =$D8*K8 -> 0 | V8: =$D8*L8 -> 0 | ... X8: =$D8*N8 -> 0 | Y8: =Z8/$Y$2 -> 0.026681381 | Z8: =SUM(O8:X8) -> 302.22
A9: 6 | B9: MOPAR BRAKE FLUID DOT 4S - A cada 2 anos | C9: K04549626LA_F | D9: =VLOOKUP(C9,'[1]PREÇO ATUAL'!$A$1:$D$1048576,4,0) -> 45.09 | O9: =$D9*E9 -> 0 | P9: =$D9*F9 -> 0 | Q9: =$D9*G9 -> 0 | R9: =$D9*H9 -> 0 | S9: =$D9*I9 -> 0 | T9: =$D9*J9 -> 0 | U9: =$D9*K9 -> 0 | V9: =$D9*L9 -> 0 | ... X9: =$D9*N9 -> 0 | Y9: =Z9/$Y$2 -> 0 | Z9: =SUM(O9:X9) -> 0
A10: 7 | B10: MOPAR MAXPRO 5W30 (SN/GF-5) | C10: K68218921LA_F | D10: =VLOOKUP(C10,'[1]PREÇO ATUAL'!$A$1:$D$1048576,4,0) -> 75.7 | E10: 5.2 | F10: 5.2 | G10: 5.2 | H10: 5.2 | I10: 5.2 | J10: 5.2 | K10: 5.2 | L10: 5.2 | M10: 5.2 | N10: 5.2 | O10: =$D10*E10 -> 393.64 | P10: =$D10*F10 -> 393.64 | Q10: =$D10*G10 -> 393.64 | R10: =$D10*H10 -> 393.64 | S10: =$D10*I10 -> 393.64 | T10: =$D10*J10 -> 393.64 | U10: =$D10*K10 -> 393.64 | V10: =$D10*L10 -> 393.64 | ... X10: =$D10*N10 -> 393.64 | Y10: =Z10/$Y$2 -> 0.34752362 | Z10: =SUM(O10:X10) -> 3936.4
A11: 8 | B11: Tempo Padrão de Mão-De-Obra [horas] | C11: MO FIAT | D11: =VLOOKUP(C11,'[1]PREÇO ATUAL'!$A$1:$D$1048576,4,0) -> 342 | E11: 1.05 | F11: 1.05 | G11: 1.2 | H11: 1.3 | I11: 1.15 | J11: 2.4 | K11: 1.05 | L11: 1.3 | M11: 1.2 | N11: 1.15 | O11: 0 | P11: =$D11*F11 -> 359.1 | Q11: =$D11*G11 -> 410.4 | R11: =$D11*H11 -> 444.6 | S11: =$D11*I11 -> 393.3 | T11: =$D11*J11 -> 820.8 | U11: =$D11*K11 -> 359.1 | V11: =$D11*L11 -> 444.6 | W11: =$D11*M11 -> 410.4 | X11: =$D11*N11 -> 393.3 | Y11: =Z11/$Y$2 -> 0.35628145 | Z11: =SUM(O11:X11) -> 4035.6

Sheet TORO 1.3T
A1: TORO 1.3T MY25 | E1: PLANO DE MANUTENÇÃO | W1: CUSTOS DE MANUTENÇÃO [R$]
W2: =MROUND(SUM(W4:W11),1) -> 861 | X2: =MROUND(SUM(X4:X11),1) -> 992 | Y2: =MROUND(SUM(Y4:Y11),1) -> 861 | Z2: =MROUND(SUM(Z4:Z11),1) -> 1009 | AA2: =MROUND(SUM(AA4:AA11),1) -> 895 | AB2: =MROUND(SUM(AB4:AB11),1) -> 1783 | AC2: =MROUND(SUM(AC4:AC11),1) -> 861 | AD2: =MROUND(SUM(AD4:AD11),1) -> 1009 | ... AN2: =MROUND(SUM(AN4:AN11),1) -> 1783
A3: Nº | B3: ITENS DE SUBSTITUIÇÃO OBRIGATÓRIA | C3: PN | D3: P. PUB. | E3: 1ª | F3: 2ª | G3: 3ª | H3: 4ª | I3: 5ª | J3: 6ª | K3: 7ª | L3: 8ª | M3: 9ª | N3: 10ª | O3: 11ª | P3: 12ª | Q3: 13ª | R3: 14ª | S3: 15ª | T3: 16ª | U3: 17ª | V3: 18ª | W3: 10000 | X3: 20000 | Y3: 30000 | Z3: 40000 | AA3: 50000 | AB3: 60000 | AC3: 70000 | AD3: 80000 | AE3: 90000 | AF3: 100000 | AG3: 110000 | AH3: 120000 | AI3: 130000 | AJ3: 140000 | AK3: 150000 | AL3: 160000 | AM3: 170000 | AN3: 180000
